customer_id,plan,region,contract_type,tenure_months,monthly_spend,support_tickets,logins_last_30d,churned
1,Pro,North,Monthly,27,99.55,1,17,1
2,Basic,East,Monthly,37,98.65,1,18,0
3,Pro,East,Monthly,10,78.88,2,14,1
4,Pro,East,Monthly,37,85.93,0,16,1
5,Basic,South,Monthly,55,44.44,1,16,0
6,Enterprise,West,Monthly,8,14.41,0,8,0
7,Pro,South,Monthly,20,84.5,2,16,0
8,Pro,East,Monthly,41,89.72,1,17,0
9,Basic,South,Annual,37,116.28,1,11,0
10,Basic,North,Annual,40,127.14,1,11,0
11,Basic,East,Monthly,34,127.1,1,13,1
12,Enterprise,North,Annual,41,,0,14,0
13,Pro,West,Annual,36,69.43,2,13,0
14,Pro,East,Monthly,5,94.41,0,11,1
15,Basic,South,Annual,45,155.96,3,11,0
16,Basic,South,Annual,27,124.4,1,16,0
17,Pro,East,Monthly,4,113.58,0,15,1
18,Basic,South,Monthly,25,68.37,1,12,0
19,Pro,South,Monthly,26,53.5,1,16,0
20,Pro,South,Monthly,6,103.67,1,9,0
21,Pro,South,Annual,59,46.98,3,11,0
22,Basic,West,Monthly,14,72.85,1,9,0
23,Enterprise,North,Monthly,20,76.56,1,6,0
24,Pro,West,Monthly,27,127.79,1,9,1
25,Pro,South,Annual,50,69.36,0,14,1
26,Basic,East,Monthly,44,6.82,0,16,0
27,Basic,North,Annual,46,95.13,2,7,0
28,Basic,South,Monthly,14,59.03,1,14,1
29,Basic,West,Monthly,50,81.28,1,12,0
30,Pro,South,Monthly,49,,2,11,0
31,Pro,North,Monthly,28,71.79,1,9,1
32,Enterprise,East,Monthly,33,,0,16,0
33,Basic,North,Monthly,3,34.01,2,13,1
34,Basic,South,Monthly,45,64.49,2,8,0
35,Basic,South,Monthly,57,100.52,0,14,1
36,Basic,East,Annual,28,61.58,1,17,0
37,Basic,,Annual,32,31.74,3,15,0
38,Basic,East,Monthly,30,100.06,7,7,0
39,Basic,West,Annual,5,113.69,3,15,0
40,Pro,North,Monthly,37,78.65,3,9,0
41,Basic,South,Monthly,43,21.17,5,13,0
42,Pro,North,Monthly,55,101.18,0,6,0
43,Pro,North,Monthly,55,,2,18,0
44,Basic,North,Annual,30,89.26,2,14,0
45,Pro,East,Monthly,57,53.38,0,12,0
46,Pro,West,Monthly,32,45.2,2,15,0
47,Basic,West,Monthly,38,66.74,1,10,0
48,Basic,East,Monthly,36,74.5,2,9,1
49,Pro,West,Monthly,59,60.67,0,15,0
50,Basic,North,Monthly,44,97.66,2,11,1
51,Basic,West,Monthly,8,66.62,1,12,0
52,Basic,West,Monthly,5,109.41,1,14,0
53,Pro,North,Monthly,25,88.44,1,11,0
54,Pro,South,Annual,31,59.07,2,13,1
55,Pro,West,Monthly,40,54.02,1,9,0
56,Pro,South,Monthly,29,30.58,2,13,0
57,Basic,West,Monthly,31,88.72,5,11,0
58,Pro,West,Monthly,55,69.36,3,11,0
59,Basic,South,Monthly,20,8.83,2,10,0
60,Basic,North,Monthly,30,63.93,2,14,0
61,Pro,South,Monthly,33,52.97,3,9,0
62,Basic,North,Monthly,28,127.27,2,25,0
63,Pro,South,Monthly,58,28.92,1,11,1
64,Pro,East,Monthly,57,,0,8,0
65,Pro,South,Monthly,31,113.3,3,13,1
66,Pro,North,Monthly,27,120.7,1,8,0
67,Pro,South,Monthly,35,57.65,0,10,0
68,Basic,East,Annual,11,61.04,0,13,0
69,Basic,North,Monthly,26,98.49,1,13,0
70,Basic,North,Annual,13,10.19,0,11,0
71,Basic,West,Monthly,9,24.16,0,11,1
72,Basic,North,Monthly,6,71.58,4,11,1
73,Pro,South,Monthly,35,126.5,0,15,0
74,Basic,North,Annual,1,66.93,1,15,0
75,Basic,North,Monthly,39,83.03,1,15,0
76,Basic,South,Monthly,26,114.01,1,13,0
77,Basic,East,Monthly,22,143.21,4,5,0
78,Pro,North,Monthly,46,62.69,0,6,0
79,Pro,North,Annual,32,79.49,2,13,0
80,Pro,North,Monthly,44,134.66,2,11,1
81,Pro,East,Monthly,42,34.33,2,11,0
82,Basic,West,Monthly,2,110.83,1,11,0
83,Pro,North,Monthly,13,49.45,2,10,0
84,Basic,South,Annual,34,83.07,2,16,0
85,Basic,South,Annual,58,72.72,4,16,0
86,Basic,South,Annual,10,51.26,2,10,0
87,Pro,North,Monthly,7,50.51,1,12,0
88,Basic,North,Monthly,56,88.29,1,11,0
89,Basic,East,Monthly,58,109.87,2,10,1
90,Basic,South,Monthly,10,76.11,3,11,1
91,Basic,South,Annual,24,82.1,1,13,0
92,Pro,South,Monthly,37,97.14,2,14,1
93,Basic,West,Monthly,12,50.85,1,11,1
94,Basic,East,Monthly,20,102.19,1,11,0
95,Basic,South,Annual,24,104.58,1,14,0
96,Pro,North,Monthly,38,158.11,0,13,1
97,Basic,West,Annual,19,68.72,0,15,0
98,Basic,West,Annual,25,66.26,0,13,0
99,Basic,North,Annual,18,103.07,2,11,0
100,Enterprise,West,Monthly,45,104.57,1,12,0
101,Enterprise,East,Monthly,10,63.95,3,11,0
102,Pro,North,Monthly,14,67.91,2,8,1
103,Basic,West,Annual,15,96.23,3,10,0
104,Enterprise,North,Annual,54,55.17,0,12,0
105,Pro,North,Monthly,56,67.68,2,13,0
106,Pro,North,Monthly,30,82.69,2,12,0
107,Basic,South,Monthly,10,109.88,1,13,1
108,Basic,East,Monthly,45,61.86,0,13,1
109,Basic,South,Monthly,30,24.73,0,12,0
110,Enterprise,North,Monthly,51,22.5,3,11,0
111,Basic,North,Annual,22,42.22,4,5,0
112,Basic,West,Monthly,59,40.6,2,14,0
113,Basic,West,Monthly,48,75.36,1,13,0
114,Pro,,Monthly,14,44.33,1,9,0
115,Basic,North,Monthly,43,58.92,2,14,0
116,Pro,West,Monthly,17,56.78,0,7,0
117,Pro,East,Monthly,21,66.78,3,9,0
118,Pro,East,Monthly,15,119.68,3,9,0
119,Basic,North,Monthly,41,99.86,3,9,1
120,Pro,West,Monthly,16,80.48,0,6,0
121,Pro,South,Monthly,38,66.17,1,12,0
122,Pro,North,Monthly,35,67.0,1,12,0
123,Basic,North,Monthly,45,89.83,1,14,0
124,Basic,South,Monthly,59,97.53,0,14,0
125,Basic,North,Monthly,1,52.77,0,11,0
126,Basic,South,Monthly,59,81.09,0,9,0
127,Basic,South,Monthly,7,19.05,1,14,0
128,Basic,West,Annual,32,86.35,1,11,0
129,Basic,North,Monthly,21,102.86,0,11,0
130,Pro,East,Monthly,38,71.6,2,13,0
131,Basic,West,Monthly,43,134.5,3,13,1
132,Enterprise,West,Annual,51,53.56,3,5,0
133,Pro,West,Monthly,24,86.52,1,8,0
134,Basic,North,Annual,56,78.93,0,18,0
135,Pro,West,Monthly,20,76.99,1,10,0
136,Basic,West,Annual,13,76.57,1,14,1
137,Enterprise,South,Monthly,23,83.21,1,12,0
138,Basic,South,Monthly,32,105.44,1,15,1
139,Pro,East,Monthly,40,121.33,1,14,1
140,Basic,South,Monthly,50,79.93,1,10,0
141,Basic,South,Annual,14,104.46,0,10,0
142,Basic,West,Annual,18,58.95,0,11,0
143,Enterprise,West,Monthly,56,102.98,0,10,0
144,Pro,,Monthly,26,57.14,0,9,0
145,Basic,West,Monthly,15,112.72,2,13,1
146,Basic,South,Monthly,59,146.32,2,13,0
147,Basic,West,Monthly,27,76.34,1,17,0
148,Basic,East,Monthly,59,14.22,0,5,0
149,Basic,South,Monthly,55,63.56,4,14,0
150,Basic,North,Annual,54,116.96,0,12,0
151,Pro,East,Annual,35,96.59,1,11,0
152,Pro,South,Annual,48,87.47,0,14,0
153,Basic,North,Monthly,57,110.26,0,7,0
154,Pro,,Annual,16,94.53,1,14,0
155,Basic,West,Monthly,3,116.53,0,10,0
156,Pro,North,Monthly,19,107.58,2,10,0
157,Basic,West,Monthly,38,125.65,1,13,0
158,Pro,,Annual,33,90.76,0,6,0
159,Pro,North,Monthly,5,107.16,1,12,0
160,Pro,East,Annual,34,70.79,0,13,0
161,Basic,East,Monthly,11,61.96,1,15,1
162,Enterprise,South,Annual,30,131.2,0,13,0
163,Basic,East,Monthly,34,86.49,1,16,0
164,Basic,South,Annual,38,104.15,2,15,0
165,Pro,South,Monthly,25,83.71,1,9,0
166,Basic,South,Monthly,25,62.4,1,10,0
167,Pro,West,Annual,41,80.33,0,13,0
168,Pro,East,Monthly,45,123.08,3,7,0
169,Basic,South,Monthly,48,96.66,2,17,0
170,Enterprise,West,Annual,20,28.66,2,15,0
171,Basic,West,Monthly,26,73.54,2,16,0
172,Basic,West,Annual,20,133.47,1,13,1
173,Basic,,Monthly,32,73.59,3,17,1
174,Enterprise,South,Annual,8,25.99,1,16,0
175,Basic,West,Monthly,26,136.79,2,11,1
176,Basic,South,Monthly,12,100.47,1,10,0
177,Basic,South,Annual,32,77.9,3,7,0
178,Enterprise,South,Monthly,51,68.86,2,13,0
179,Pro,West,Monthly,59,112.47,3,9,0
180,Pro,East,Monthly,27,63.74,3,8,0
181,Pro,South,Monthly,4,114.45,1,7,1
182,Pro,South,Monthly,14,96.27,1,14,0
183,Basic,South,Monthly,7,87.34,2,6,0
184,Basic,East,Annual,45,84.37,2,11,0
185,Pro,South,Monthly,59,74.75,0,12,1
186,Pro,East,Monthly,33,111.37,0,11,0
187,Basic,South,Monthly,11,54.04,2,7,0
188,Basic,South,Monthly,2,31.34,0,16,0
189,Pro,West,Monthly,58,98.43,1,13,0
190,Basic,,Annual,19,98.94,1,8,0
191,Enterprise,North,Monthly,7,94.41,1,9,0
192,Basic,South,Monthly,11,92.23,3,11,0
193,Basic,East,Annual,16,70.38,0,11,0
194,Pro,North,Monthly,39,103.62,0,14,0
195,Basic,South,Monthly,53,78.63,2,10,0
196,Basic,North,Monthly,17,65.39,0,15,0
197,Pro,East,Monthly,41,70.64,1,15,0
198,Pro,East,Monthly,4,140.62,3,13,0
199,Basic,West,Annual,1,27.95,2,15,1
200,Basic,South,Monthly,4,94.99,1,8,0
201,Pro,West,Monthly,55,29.63,4,12,0
202,Enterprise,North,Monthly,35,76.75,4,14,0
203,Basic,West,Annual,48,66.99,2,12,0
204,Basic,East,Annual,2,17.45,4,9,0
205,Basic,West,Annual,2,91.67,1,10,0
206,Basic,West,Monthly,51,68.6,2,13,0
207,Basic,East,Annual,7,,3,9,0
208,Pro,South,Monthly,10,105.19,2,13,0
209,Basic,East,Monthly,31,123.05,4,10,0
210,Basic,West,Monthly,36,124.7,1,20,1
211,Pro,West,Annual,14,90.77,1,14,0
212,Pro,West,Monthly,27,81.38,1,11,1
213,Basic,North,Monthly,40,119.84,2,9,1
214,Pro,East,Monthly,27,130.47,1,11,1
215,Pro,North,Monthly,23,114.01,1,10,1
216,Pro,East,Annual,5,51.75,1,16,0
217,Basic,West,Annual,27,86.04,1,11,0
218,Basic,North,Monthly,48,93.19,1,7,0
219,Enterprise,East,Monthly,37,25.71,1,10,0
220,Basic,West,Monthly,53,94.08,2,7,0
221,Basic,West,Annual,8,148.19,1,14,0
222,Basic,South,Monthly,1,99.2,1,11,1
223,Pro,North,Monthly,33,124.2,4,15,0
224,Enterprise,West,Monthly,11,85.49,4,16,1
225,Basic,West,Monthly,36,,2,10,1
226,Enterprise,East,Monthly,54,91.44,4,14,0
227,Basic,West,Monthly,20,55.53,0,13,0
228,Pro,North,Annual,33,51.09,0,8,0
229,Pro,East,Monthly,41,117.99,1,13,0
230,Basic,North,Monthly,9,121.17,3,13,0
231,Basic,,Monthly,53,50.27,1,18,0
232,Basic,East,Monthly,12,109.04,1,14,1
233,Enterprise,West,Monthly,48,77.39,0,12,1
234,Pro,East,Monthly,39,90.19,0,12,0
235,Enterprise,North,Annual,9,93.81,1,15,1
236,Pro,North,Monthly,43,109.83,3,10,0
237,Basic,South,Annual,12,82.48,0,18,1
238,Pro,East,Monthly,36,122.3,1,9,0
239,Basic,North,Monthly,57,89.28,2,14,0
240,Basic,West,Monthly,57,98.73,0,5,0
241,Pro,North,Annual,52,55.0,1,9,0
242,Pro,South,Annual,30,144.76,1,8,0
243,Basic,North,Monthly,34,94.09,2,12,0
244,Basic,South,Monthly,18,,0,12,0
245,Pro,South,Monthly,55,31.75,1,14,0
246,Pro,North,Monthly,29,55.32,0,11,1
247,Pro,East,Annual,46,117.14,2,13,0
248,Basic,West,Monthly,22,88.61,1,12,0
249,Basic,West,Monthly,44,22.59,1,8,0
250,Basic,South,Annual,14,111.15,2,12,0
251,Pro,West,Annual,44,63.69,0,14,0
252,Pro,West,Annual,3,122.34,2,16,0
253,Basic,West,Monthly,7,77.36,3,14,0
254,Basic,South,Monthly,21,86.14,2,9,0
255,Basic,West,Monthly,29,115.37,1,9,0
256,Pro,East,Monthly,42,53.08,0,12,1
257,Pro,North,Monthly,22,50.21,2,14,0
258,Basic,South,Monthly,2,74.11,0,10,1
259,Basic,East,Monthly,20,104.82,2,8,1
260,Pro,North,Monthly,26,40.07,0,13,1
261,Basic,South,Monthly,33,29.96,2,10,0
262,Pro,West,Monthly,38,104.71,3,12,1
263,Basic,North,Monthly,15,61.91,2,13,0
264,Basic,South,Monthly,37,68.23,5,17,1
265,Enterprise,North,Annual,38,,1,15,0
266,Basic,East,Annual,46,59.63,0,12,0
267,Basic,North,Monthly,31,79.77,2,16,0
268,Basic,West,Monthly,48,107.91,1,12,0
269,Basic,North,Monthly,14,56.86,1,11,0
270,Basic,West,Monthly,42,129.72,0,14,0
271,Basic,West,Monthly,3,59.46,1,12,1
272,Basic,West,Annual,7,59.51,1,13,0
273,Basic,West,Monthly,52,126.12,2,10,0
274,Pro,North,Monthly,29,86.34,0,18,0
275,Pro,,Annual,37,63.44,0,14,0
276,Basic,East,Monthly,36,75.35,2,11,1
277,Basic,,Monthly,41,120.59,2,13,0
278,Basic,West,Monthly,15,123.99,4,14,1
279,Pro,East,Annual,11,55.5,0,8,0
280,Pro,South,Monthly,3,,0,18,0
281,Basic,North,Monthly,52,82.7,1,15,0
282,Basic,North,Annual,14,50.41,4,13,0
283,Basic,South,Monthly,34,78.33,1,11,0
284,Basic,West,Annual,27,80.16,4,16,1
285,Pro,East,Monthly,10,114.21,3,14,1
286,Basic,South,Monthly,25,116.22,0,17,0
287,Basic,North,Monthly,5,70.12,1,11,0
288,Basic,East,Annual,11,73.58,3,17,0
289,Basic,,Monthly,9,99.93,1,12,1
290,Basic,West,Monthly,49,62.44,2,6,0
291,Pro,East,Annual,34,97.66,0,7,0
292,Basic,East,Monthly,55,77.36,0,11,0
293,Enterprise,West,Annual,26,50.92,2,11,0
294,Basic,South,Monthly,12,51.29,0,10,0
295,Pro,West,Monthly,36,123.41,1,11,1
296,Enterprise,South,Annual,55,75.31,5,4,0
297,Enterprise,North,Annual,32,129.21,0,11,0
298,Pro,South,Monthly,2,64.59,0,14,1
299,Pro,North,Annual,18,88.74,1,22,0
300,Pro,North,Annual,55,151.78,3,9,0
301,Pro,West,Annual,31,48.28,2,9,0
302,Basic,West,Monthly,57,23.07,4,10,1
303,Basic,North,Monthly,31,118.6,2,11,0
304,Basic,West,Monthly,1,55.2,1,13,0
305,Pro,North,Monthly,52,79.38,0,12,0
306,Basic,South,Monthly,46,62.42,1,17,1
307,Basic,East,Monthly,43,88.04,1,10,1
308,Pro,South,Monthly,58,51.48,1,10,0
309,Basic,East,Monthly,12,,1,9,0
310,Basic,West,Monthly,54,93.49,1,3,0
311,Basic,North,Monthly,14,49.75,1,20,1
312,Basic,North,Monthly,58,59.0,3,12,1
313,Basic,West,Annual,12,69.58,2,14,0
314,Basic,East,Annual,33,37.14,3,9,0
315,Basic,East,Monthly,47,67.32,1,12,0
316,Basic,South,Monthly,5,83.56,1,8,0
317,Basic,South,Monthly,4,68.01,3,8,0
318,Pro,East,Monthly,51,,1,10,0
319,Basic,East,Annual,4,79.4,2,12,0
320,Enterprise,North,Monthly,37,60.33,1,12,0
321,Enterprise,,Monthly,56,100.73,1,11,1
322,Basic,East,Monthly,37,123.08,1,10,0
323,Basic,North,Annual,29,66.07,1,19,0
324,Basic,South,Annual,25,94.56,1,12,0
325,Pro,West,Annual,38,72.81,0,9,0
326,Pro,East,Monthly,34,90.96,1,9,0
327,Pro,North,Annual,30,126.97,0,11,0
328,Basic,North,Monthly,10,95.26,1,12,1
329,Pro,East,Monthly,40,26.8,2,10,1
330,Basic,South,Annual,44,93.62,0,12,0
331,Pro,West,Monthly,42,116.99,1,20,0
332,Basic,East,Annual,5,73.35,3,13,0
333,Pro,West,Monthly,42,109.87,3,9,0
334,Pro,North,Monthly,44,59.3,1,12,0
335,Basic,South,Monthly,11,35.43,0,7,0
336,Pro,North,Annual,51,84.24,3,10,0
337,Basic,East,Monthly,31,27.31,1,15,0
338,Pro,North,Annual,28,72.81,2,16,0
339,Basic,South,Monthly,43,118.61,4,14,0
340,Enterprise,South,Annual,31,22.71,1,6,1
341,Basic,North,Monthly,33,41.62,1,14,0
342,Enterprise,North,Monthly,19,49.04,2,13,0
343,Pro,East,Annual,55,78.1,2,12,0
344,Pro,West,Annual,58,69.03,0,9,1
345,Pro,North,Monthly,8,121.97,0,11,0
346,Pro,South,Monthly,44,108.63,2,20,0
347,Enterprise,North,Monthly,2,,2,14,0
348,Basic,West,Annual,22,84.37,0,7,0
349,Pro,South,Monthly,58,91.8,2,12,1
350,Basic,West,Annual,11,54.14,1,20,1
351,Pro,North,Monthly,23,,4,9,1
352,Basic,North,Annual,13,46.64,2,15,0
353,Pro,,Monthly,43,105.06,0,10,0
354,Pro,East,Monthly,28,115.58,1,11,0
355,Basic,West,Monthly,35,86.33,3,12,0
356,Basic,West,Monthly,56,74.71,1,11,0
357,Pro,West,Monthly,31,92.01,2,12,1
358,Pro,East,Monthly,44,5.0,1,10,0
359,Basic,South,Annual,6,89.07,2,9,0
360,Pro,South,Monthly,13,76.6,0,8,0
361,Enterprise,North,Monthly,56,78.48,1,15,0
362,Basic,South,Annual,51,101.2,0,17,0
363,Basic,South,Monthly,39,77.76,2,10,0
364,Basic,North,Monthly,23,,2,14,1
365,Pro,,Annual,12,75.76,0,12,0
366,Basic,East,Annual,51,82.03,1,8,1
367,Pro,South,Annual,47,83.45,2,12,0
368,Pro,West,Annual,15,84.86,0,13,0
369,Basic,South,Monthly,35,111.18,3,13,1
370,Pro,West,Monthly,37,47.42,3,14,0
371,Pro,East,Monthly,29,85.27,2,10,0
372,Basic,North,Annual,55,118.7,2,5,0
373,Basic,North,Annual,8,27.96,0,12,0
374,Basic,East,Monthly,16,85.39,2,8,0
375,Basic,East,Monthly,6,62.44,1,11,1
376,Basic,South,Monthly,41,68.88,0,7,0
377,Enterprise,East,Monthly,38,52.86,2,11,0
378,Basic,West,Annual,59,74.91,2,12,0
379,Basic,South,Monthly,32,135.24,1,7,0
380,Pro,North,Monthly,9,42.07,0,19,0
381,Pro,South,Annual,27,44.91,1,12,0
382,Enterprise,West,Monthly,6,40.94,1,12,0
383,Pro,West,Monthly,40,131.82,3,7,1
384,Basic,West,Monthly,40,66.13,2,17,0
385,Basic,West,Monthly,51,79.23,1,10,0
386,Enterprise,North,Monthly,21,67.92,0,10,1
387,Pro,South,Monthly,19,51.67,2,18,1
388,Enterprise,North,Monthly,5,72.95,2,7,0
389,Basic,North,Monthly,25,153.75,1,10,1
390,Pro,West,Monthly,29,121.76,2,6,1
391,Pro,West,Monthly,45,54.41,1,17,0
392,Basic,North,Annual,45,99.43,1,8,0
393,Pro,East,Monthly,9,55.05,6,13,0
394,Pro,East,Monthly,17,26.71,3,13,1
395,Basic,North,Annual,31,110.59,2,11,1
396,Basic,West,Monthly,20,114.8,0,10,0
397,Pro,West,Monthly,2,,2,11,1
398,Basic,East,Annual,50,65.9,1,12,0
399,Basic,East,Monthly,44,75.0,5,15,0
400,Basic,South,Monthly,31,102.49,1,10,1
401,Basic,West,Annual,19,91.74,0,14,0
402,Enterprise,South,Monthly,50,68.19,3,11,0
403,Pro,West,Monthly,3,31.43,1,10,0
404,Basic,North,Monthly,27,83.42,1,10,0
405,Enterprise,North,Monthly,48,112.37,2,7,0
406,Pro,West,Annual,57,44.07,0,11,0
407,Basic,South,Monthly,15,99.16,3,19,0
408,Pro,South,Monthly,39,89.95,2,12,0
409,Basic,West,Monthly,12,102.5,0,17,0
410,Enterprise,North,Annual,7,106.16,1,7,0
411,Pro,,Monthly,21,59.17,1,13,0
412,Pro,South,Monthly,53,31.49,1,10,0
413,Basic,North,Monthly,41,63.99,0,14,0
414,Pro,West,Monthly,29,106.67,2,5,0
415,Basic,North,Monthly,17,,0,10,0
416,Basic,North,Annual,9,59.18,0,16,0
417,Basic,East,Monthly,16,25.36,0,12,0
418,Pro,West,Monthly,10,132.58,1,9,1
419,Basic,North,Monthly,12,104.77,3,8,1
420,Enterprise,East,Monthly,41,103.1,1,8,1
421,Pro,East,Monthly,8,109.03,2,15,0
422,Basic,West,Annual,3,97.3,0,13,0
423,Basic,North,Monthly,32,72.67,3,19,0
424,Basic,West,Annual,17,75.09,1,12,0
425,Pro,East,Monthly,27,67.17,3,11,1
426,Pro,West,Monthly,9,159.04,2,12,1
427,Basic,South,Monthly,13,96.68,2,11,0
428,Pro,West,Monthly,27,66.09,0,11,0
429,Basic,East,Monthly,41,93.96,1,9,0
430,Pro,North,Annual,25,49.67,1,10,0
431,Enterprise,West,Annual,32,125.14,0,7,0
432,Pro,West,Annual,31,60.17,0,8,0
433,Pro,South,Annual,16,95.03,0,12,0
434,Pro,East,Monthly,17,,0,11,0
435,Basic,South,Monthly,26,91.54,2,8,0
436,Basic,East,Monthly,2,82.83,3,11,1
437,Basic,West,Annual,41,80.32,1,11,0
438,Basic,West,Monthly,37,78.31,3,11,0
439,Pro,North,Monthly,19,,3,9,0
440,Pro,West,Monthly,23,66.52,1,12,0
441,Pro,South,Monthly,20,124.39,3,15,0
442,Basic,East,Annual,39,76.74,1,5,0
443,Pro,West,Monthly,45,56.43,0,16,0
444,Basic,South,Monthly,7,64.51,1,7,0
445,Basic,South,Annual,25,113.01,1,13,0
446,Pro,South,Monthly,1,100.27,2,14,0
447,Enterprise,West,Monthly,27,96.81,3,10,0
448,Pro,South,Monthly,15,72.27,1,16,0
449,Basic,South,Monthly,20,97.2,1,15,0
450,Pro,South,Monthly,27,60.69,2,6,0
451,Basic,North,Monthly,20,72.21,1,12,0
452,Pro,South,Monthly,24,109.09,2,15,0
453,Pro,North,Monthly,46,106.23,2,12,0
454,Basic,North,Monthly,48,50.54,2,10,0
455,Basic,East,Annual,1,54.33,3,16,0
456,Basic,North,Monthly,23,83.26,0,17,0
457,Enterprise,East,Monthly,50,131.78,1,11,0
458,Basic,,Monthly,32,22.53,1,7,0
459,Pro,East,Monthly,13,88.35,1,10,0
460,Pro,South,Annual,36,38.72,0,9,0
461,Pro,North,Monthly,9,60.97,3,13,0
462,Basic,West,Monthly,2,69.07,0,14,0
463,Enterprise,West,Monthly,38,67.38,1,4,0
464,Basic,East,Annual,31,63.99,3,14,0
465,Pro,North,Monthly,45,80.22,1,8,0
466,Pro,North,Annual,21,63.94,3,15,0
467,Pro,South,Monthly,51,36.13,1,12,0
468,Enterprise,North,Monthly,25,103.4,1,12,0
469,Basic,West,Annual,44,,1,14,0
470,Basic,,Monthly,6,105.3,2,8,0
471,Basic,South,Monthly,6,33.78,0,13,0
472,Basic,West,Monthly,47,,1,11,0
473,Basic,West,Monthly,50,100.28,0,10,1
474,Basic,North,Monthly,56,49.06,1,9,0
475,Basic,South,Monthly,20,80.28,1,15,1
476,Basic,East,Monthly,2,76.51,3,19,0
477,Basic,East,Monthly,58,135.26,3,7,0
478,Pro,West,Monthly,36,137.73,0,14,0
479,Pro,West,Annual,15,30.07,2,12,0
480,Basic,West,Monthly,46,154.82,2,12,0
481,Basic,North,Monthly,54,52.54,0,14,0
482,Basic,North,Monthly,17,109.42,0,10,1
483,Pro,East,Monthly,46,109.11,3,15,0
484,Basic,North,Monthly,47,50.13,0,15,0
485,Basic,South,Annual,30,94.8,0,13,0
486,Basic,North,Annual,38,76.77,3,9,0
487,Basic,West,Monthly,16,96.63,2,15,0
488,Basic,North,Annual,55,86.92,2,17,0
489,Pro,North,Annual,59,115.89,2,6,0
490,Pro,North,Annual,58,82.26,1,7,0
491,Pro,North,Annual,44,74.96,2,12,0
492,Pro,East,Monthly,3,112.88,1,9,0
493,Pro,South,Monthly,22,97.41,2,12,1
494,Basic,West,Monthly,27,101.95,0,13,0
495,Pro,South,Monthly,57,60.06,3,9,0
496,Basic,East,Annual,33,48.64,1,8,0
497,Basic,East,Monthly,32,62.97,2,13,0
498,Pro,East,Monthly,9,61.38,0,7,1
499,Basic,West,Annual,47,103.59,0,15,0
500,Basic,North,Monthly,20,109.28,0,13,0
501,Pro,East,Annual,6,75.35,0,2,0
502,Pro,West,Monthly,59,122.93,2,9,0
503,Enterprise,West,Monthly,12,121.05,1,12,1
504,Basic,East,Monthly,1,87.3,1,9,0
505,Basic,East,Monthly,5,55.34,1,10,1
506,Pro,,Monthly,27,127.26,1,5,0
507,Basic,East,Monthly,7,78.17,2,10,0
508,Pro,West,Monthly,50,83.78,0,14,0
509,Basic,North,Monthly,31,69.81,3,12,0
510,Basic,South,Annual,20,,1,7,0
511,Basic,North,Monthly,1,35.94,2,11,0
512,Pro,North,Monthly,29,98.99,1,13,0
513,Basic,South,Monthly,9,56.5,1,20,0
514,Basic,North,Annual,58,171.79,2,10,0
515,Basic,South,Annual,18,47.42,1,19,0
516,Basic,South,Annual,29,42.28,2,20,0
517,Basic,East,Annual,2,95.3,0,13,0
518,Pro,West,Monthly,8,,2,12,0
519,Basic,West,Monthly,13,81.94,0,11,0
520,Pro,South,Monthly,4,97.17,2,17,1
521,Pro,South,Annual,43,24.69,2,18,0
522,Basic,West,Monthly,56,59.67,3,14,0
523,Basic,North,Monthly,59,47.79,1,16,0
524,Pro,East,Annual,16,23.15,1,16,0
525,Basic,South,Annual,47,83.51,1,8,0
526,Basic,North,Annual,30,12.72,3,10,0
527,Enterprise,East,Monthly,3,40.33,1,6,1
528,Enterprise,South,Monthly,6,63.88,4,13,0
529,Pro,North,Monthly,33,55.06,1,9,0
530,Basic,East,Monthly,25,91.89,0,9,0
531,Pro,North,Monthly,1,89.17,1,8,0
532,Pro,East,Monthly,55,106.81,3,14,0
533,Basic,North,Annual,44,102.57,3,13,0
534,Pro,South,Monthly,30,114.22,0,18,0
535,Basic,West,Monthly,59,79.94,2,10,0
536,Basic,North,Annual,58,89.1,1,14,0
537,Basic,West,Monthly,58,95.35,2,17,0
538,Basic,East,Monthly,16,,3,16,1
539,Basic,West,Monthly,52,68.08,1,10,0
540,Pro,,Monthly,30,70.03,2,8,0
541,Enterprise,East,Annual,43,55.47,0,14,0
542,Pro,West,Monthly,51,92.65,1,8,0
543,Pro,West,Monthly,10,77.18,4,12,0
544,Enterprise,North,Annual,27,60.1,3,6,0
545,Basic,West,Monthly,8,60.13,1,13,1
546,Basic,North,Annual,17,43.69,2,12,0
547,Basic,East,Monthly,25,109.37,1,17,0
548,Basic,South,Annual,51,82.36,2,11,0
549,Pro,East,Monthly,51,54.12,0,15,0
550,Basic,East,Monthly,24,104.26,1,5,0
551,Basic,North,Annual,20,63.19,1,7,0
552,Basic,East,Annual,32,37.8,1,9,0
553,Basic,West,Monthly,54,110.64,0,15,0
554,Enterprise,South,Monthly,58,63.89,2,12,0
555,Basic,South,Monthly,14,67.73,2,16,0
556,Basic,West,Annual,12,81.24,1,14,0
557,Basic,North,Annual,42,114.28,0,15,0
558,Basic,South,Monthly,18,80.6,3,10,1
559,Pro,East,Monthly,12,44.03,1,8,0
560,Basic,South,Monthly,2,96.32,1,19,1
561,Basic,West,Annual,24,65.45,1,9,1
562,Basic,South,Monthly,24,136.64,1,11,0
563,Pro,West,Monthly,34,79.97,0,13,1
564,Pro,North,Annual,12,12.95,2,13,0
565,Pro,East,Monthly,43,90.72,1,11,0
566,Pro,East,Monthly,41,138.34,0,8,0
567,Pro,North,Monthly,28,127.28,1,16,0
568,Basic,North,Monthly,11,134.93,1,18,0
569,Basic,East,Annual,30,49.41,2,12,0
570,Basic,East,Monthly,40,107.36,0,11,1
571,Basic,East,Monthly,22,58.34,2,19,0
572,Pro,North,Monthly,16,86.73,2,13,0
573,Basic,East,Annual,30,41.81,1,13,0
574,Pro,West,Monthly,21,60.67,1,12,0
575,Pro,North,Monthly,24,59.71,1,19,0
576,Basic,South,Monthly,21,106.96,2,7,0
577,Enterprise,South,Monthly,18,104.02,5,11,0
578,Pro,West,Annual,43,88.3,1,9,0
579,Pro,South,Annual,28,39.49,1,9,0
580,Basic,South,Annual,28,70.65,0,6,0
581,Basic,East,Monthly,39,57.62,1,19,0
582,Basic,North,Monthly,22,106.09,2,12,0
583,Basic,West,Annual,6,115.35,1,10,0
584,Basic,West,Monthly,51,111.69,2,6,1
585,Enterprise,East,Annual,4,57.34,0,8,0
586,Pro,East,Monthly,34,5.0,1,14,0
587,Basic,East,Monthly,16,26.99,2,13,0
588,Basic,West,Monthly,13,122.65,1,10,0
589,Basic,West,Monthly,3,67.96,1,19,0
590,Basic,South,Monthly,54,57.48,2,13,0
591,Enterprise,South,Monthly,26,129.28,2,11,0
592,Basic,East,Monthly,21,117.95,2,11,1
593,Basic,North,Monthly,44,80.73,0,14,0
594,Pro,West,Annual,3,71.2,0,19,0
595,Basic,West,Monthly,34,76.04,1,11,0
596,Basic,East,Annual,30,86.81,3,13,0
597,Pro,South,Monthly,33,128.0,1,9,1
598,Pro,South,Monthly,8,92.67,1,12,1
599,Enterprise,South,Monthly,57,101.78,3,15,0
600,Pro,East,Annual,15,,1,10,0
601,Basic,West,Monthly,41,44.91,2,10,0
602,Pro,East,Annual,45,102.65,2,13,0
603,Enterprise,West,Monthly,21,71.16,3,9,0
604,Pro,West,Annual,8,5.0,2,16,0
605,Enterprise,East,Annual,18,16.15,2,12,0
606,Pro,South,Annual,48,49.46,4,17,0
607,Pro,East,Monthly,54,95.94,2,9,0
608,Basic,South,Annual,56,,0,11,0
609,Pro,East,Monthly,14,85.53,3,9,1
610,Basic,West,Annual,36,138.53,1,11,0
611,Pro,South,Monthly,9,41.93,1,9,0
612,Pro,East,Monthly,42,79.18,3,13,1
613,Enterprise,North,Monthly,25,89.13,3,13,0
614,Enterprise,East,Annual,43,57.91,2,12,0
615,Basic,South,Monthly,41,80.85,2,9,0
616,Pro,South,Monthly,59,32.0,0,12,1
617,Pro,East,Monthly,29,122.3,1,11,0
618,Basic,North,Annual,21,59.55,3,11,0
619,Basic,East,Monthly,32,140.94,0,13,1
620,Basic,East,Monthly,10,79.03,2,17,0
621,Pro,South,Monthly,7,110.84,0,13,0
622,Basic,North,Monthly,31,78.4,0,11,0
623,Enterprise,South,Monthly,49,79.08,1,9,0
624,Basic,North,Annual,32,62.48,2,10,0
625,Enterprise,South,Annual,47,83.57,4,11,0
626,Basic,East,Monthly,11,89.54,2,14,0
627,Pro,North,Monthly,27,56.47,0,9,0
628,Basic,East,Monthly,37,76.25,1,16,0
629,Pro,,Monthly,21,61.7,0,11,0
630,Pro,West,Monthly,1,148.99,0,10,1
631,Enterprise,East,Annual,5,77.31,1,9,0
632,Pro,South,Monthly,55,126.36,1,14,1
633,Basic,East,Monthly,36,74.13,2,9,0
634,Basic,North,Annual,16,87.78,2,18,0
635,Basic,North,Monthly,16,40.36,2,17,0
636,Basic,,Monthly,3,66.59,2,18,1
637,Pro,West,Monthly,56,86.32,1,14,0
638,Pro,North,Monthly,7,127.58,0,19,0
639,Pro,South,Annual,45,86.66,0,8,0
640,Pro,North,Annual,15,121.51,0,11,0
641,Pro,South,Monthly,20,99.22,0,11,1
642,Pro,South,Monthly,17,128.82,2,14,1
643,Basic,South,Monthly,49,78.23,1,14,0
644,Basic,East,Monthly,2,151.71,1,15,1
645,Pro,North,Monthly,21,65.44,1,15,0
646,Pro,West,Monthly,17,57.01,3,11,0
647,Basic,East,Monthly,17,43.7,1,19,0
648,Basic,West,Annual,12,149.93,4,14,1
649,Pro,North,Annual,54,104.58,2,12,0
650,Basic,East,Monthly,23,69.98,0,9,0
651,Basic,West,Monthly,25,117.47,0,11,1
652,Pro,North,Monthly,23,100.63,1,18,0
653,Pro,West,Monthly,58,138.98,0,12,1
654,Basic,South,Monthly,21,33.57,0,11,0
655,Pro,West,Monthly,21,72.04,1,7,0
656,Basic,South,Annual,20,66.12,0,11,0
657,Pro,West,Monthly,20,20.79,1,10,0
658,Basic,North,Monthly,6,111.81,3,12,1
659,Pro,South,Monthly,36,71.89,1,14,0
660,Basic,South,Monthly,2,102.19,1,14,1
661,Basic,North,Monthly,14,150.79,0,14,1
662,Pro,South,Monthly,12,69.4,1,9,0
663,Basic,South,Annual,18,67.37,0,15,0
664,Basic,North,Annual,45,83.56,1,14,0
665,Basic,East,Annual,36,109.62,0,17,0
666,Pro,East,Monthly,59,63.0,0,9,0
667,Pro,West,Monthly,21,61.07,0,10,0
668,Enterprise,East,Monthly,55,111.72,1,16,0
669,Basic,North,Monthly,3,91.36,2,14,1
670,Basic,North,Monthly,30,18.66,2,15,0
671,Basic,South,Annual,48,43.24,0,8,0
672,Pro,South,Monthly,32,125.04,2,6,1
673,Enterprise,North,Monthly,56,92.06,1,9,0
674,Pro,West,Monthly,19,,1,16,1
675,Pro,East,Monthly,2,74.89,2,11,0
676,Basic,East,Monthly,46,80.4,0,8,0
677,Enterprise,North,Monthly,5,102.07,2,14,0
678,Basic,West,Monthly,46,39.25,1,16,0
679,Basic,North,Monthly,44,54.77,3,13,0
680,Basic,South,Annual,50,88.19,1,15,0
681,Basic,South,Monthly,29,77.0,2,12,0
682,Basic,West,Monthly,53,97.16,2,14,0
683,Basic,South,Monthly,11,43.11,3,17,1
684,Basic,North,Annual,26,90.71,5,12,0
685,Pro,South,Monthly,8,112.75,2,10,0
686,Basic,South,Monthly,46,94.6,2,11,0
687,Basic,North,Monthly,43,84.17,2,9,1
688,Enterprise,North,Monthly,48,77.12,0,13,0
689,Pro,North,Monthly,46,54.95,2,14,0
690,Basic,South,Monthly,19,77.84,1,11,0
691,Basic,South,Monthly,5,117.79,3,12,1
692,Pro,South,Annual,55,76.43,2,7,0
693,Basic,East,Monthly,30,53.31,1,8,0
694,Basic,North,Monthly,6,65.23,3,11,0
695,Enterprise,West,Monthly,55,86.03,0,14,1
696,Basic,West,Monthly,59,68.79,2,11,0
697,Pro,North,Monthly,27,94.56,0,5,0
698,Pro,South,Monthly,46,95.69,1,12,0
699,Pro,North,Monthly,3,106.67,1,12,0
700,Basic,South,Annual,6,122.71,1,13,0
701,Basic,South,Monthly,17,109.88,1,18,1
702,Basic,North,Annual,39,51.97,2,8,0
703,Basic,North,Annual,8,52.89,0,14,0
704,Pro,South,Monthly,3,77.73,2,13,0
705,Basic,East,Monthly,40,66.46,0,10,0
706,Pro,South,Monthly,46,45.85,0,10,0
707,Pro,West,Annual,44,66.75,3,10,0
708,Pro,South,Monthly,48,65.76,2,15,0
709,Basic,West,Monthly,48,59.84,0,21,0
710,Basic,North,Monthly,36,70.53,2,17,1
711,Enterprise,East,Annual,31,115.35,2,11,1
712,Pro,West,Monthly,51,85.98,1,19,0
713,Pro,,Monthly,21,154.15,2,15,0
714,Enterprise,West,Monthly,6,85.12,0,10,0
715,Pro,South,Monthly,45,71.3,3,16,0
716,Basic,South,Annual,17,80.12,6,11,1
717,Pro,East,Annual,58,87.69,1,7,0
718,Basic,East,Monthly,25,93.06,2,19,0
719,Pro,North,Monthly,51,142.3,0,8,1
720,Enterprise,West,Annual,3,54.64,5,14,0
721,Basic,East,Monthly,39,105.77,1,18,0
722,Basic,West,Monthly,27,86.23,1,14,0
723,Basic,South,Monthly,28,32.87,3,11,0
724,Enterprise,East,Monthly,16,103.12,1,12,0
725,Basic,South,Annual,58,118.03,1,11,0
726,Basic,West,Monthly,24,54.28,2,11,0
727,Basic,West,Monthly,51,79.73,1,10,0
728,Basic,West,Annual,26,28.24,0,15,0
729,Basic,East,Monthly,3,42.24,0,10,0
730,Basic,West,Annual,52,111.44,3,16,0
731,Basic,South,Monthly,11,66.01,2,19,0
732,Basic,South,Monthly,16,46.74,1,15,1
733,Basic,West,Monthly,51,86.88,2,9,0
734,Basic,North,Monthly,53,64.33,1,11,0
735,Basic,East,Monthly,55,65.88,1,13,0
736,Pro,North,Monthly,26,102.18,2,13,0
737,Basic,East,Annual,45,45.15,0,8,0
738,Basic,South,Annual,20,52.84,1,14,0
739,Basic,South,Monthly,44,84.62,1,13,0
740,Basic,South,Monthly,30,109.08,1,19,0
741,Basic,South,Monthly,4,117.14,2,10,0
742,Basic,South,Monthly,25,,1,11,0
743,Pro,South,Monthly,28,108.12,1,18,1
744,Basic,East,Annual,16,56.48,2,12,0
745,Basic,West,Annual,23,134.79,6,13,0
746,Basic,East,Monthly,30,45.99,2,22,0
747,Basic,East,Annual,3,119.85,1,15,0
748,Basic,West,Monthly,9,60.31,1,13,1
749,Pro,West,Monthly,46,140.4,1,15,0
750,Pro,North,Monthly,21,97.74,0,7,1
751,Basic,East,Monthly,36,49.52,4,8,0
752,Basic,,Monthly,34,64.33,2,10,0
753,Basic,North,Annual,33,103.44,1,15,0
754,Basic,West,Monthly,25,,2,15,0
755,Pro,North,Monthly,29,77.88,2,13,0
756,Basic,West,Monthly,49,81.34,1,15,0
757,Basic,West,Annual,57,102.75,0,15,0
758,Enterprise,West,Monthly,16,83.95,1,14,0
759,Basic,East,Annual,40,41.19,0,10,0
760,Basic,West,Annual,58,55.61,1,10,0
761,Pro,North,Monthly,1,87.05,2,16,1
762,Basic,West,Monthly,47,,1,11,0
763,Basic,North,Monthly,30,128.48,1,17,0
764,Basic,South,Annual,58,103.39,1,14,1
765,Enterprise,North,Monthly,35,88.62,1,15,0
766,Basic,South,Monthly,50,102.46,0,20,1
767,Basic,East,Monthly,10,60.0,3,13,1
768,Basic,South,Monthly,9,,0,13,0
769,Basic,West,Annual,55,55.28,1,12,0
770,Pro,East,Annual,32,42.54,3,16,0
771,Basic,East,Monthly,33,90.01,2,8,0
772,Pro,West,Monthly,11,85.57,1,12,0
773,Pro,South,Monthly,14,100.63,2,12,0
774,Pro,South,Annual,49,96.38,2,17,0
775,Basic,West,Monthly,18,87.28,1,6,1
776,Pro,East,Annual,35,96.7,1,14,0
777,Pro,East,Monthly,19,78.72,2,11,0
778,Basic,South,Monthly,16,92.39,0,12,1
779,Pro,North,Annual,10,58.22,2,14,0
780,Pro,North,Monthly,55,91.09,0,9,0
781,Basic,North,Monthly,56,100.05,2,9,0
782,Enterprise,North,Monthly,7,59.91,0,8,0
783,Basic,East,Monthly,21,81.55,1,13,0
784,Pro,North,Annual,34,61.29,0,7,0
785,Enterprise,East,Annual,23,64.2,0,13,0
786,Basic,West,Annual,43,,2,8,0
787,Pro,West,Monthly,16,117.97,2,19,0
788,Basic,South,Monthly,4,111.97,2,8,0
789,Pro,North,Annual,20,96.12,4,10,0
790,Pro,West,Monthly,36,,2,10,1
791,Basic,North,Annual,11,74.32,1,11,0
792,Basic,East,Monthly,49,170.95,1,12,0
793,Basic,East,Monthly,1,73.17,3,7,0
794,Basic,North,Monthly,4,87.66,1,9,1
795,Basic,East,Monthly,31,68.07,3,12,1
796,Basic,North,Monthly,31,91.17,1,5,0
797,Basic,North,Monthly,18,,1,10,0
798,Basic,West,Annual,16,76.58,2,14,0
799,Pro,West,Monthly,5,133.3,2,12,1
800,Pro,South,Monthly,40,87.17,2,25,0
801,Pro,West,Monthly,23,88.11,0,10,0
802,Basic,West,Annual,8,52.73,2,8,0
803,Pro,West,Monthly,24,92.55,0,13,0
804,Pro,North,Annual,56,75.98,0,9,0
805,Basic,South,Annual,16,61.75,1,6,0
806,Basic,East,Monthly,53,56.71,0,11,0
807,Pro,West,Monthly,16,160.15,2,5,1
808,Basic,West,Annual,11,72.1,0,15,0
809,Basic,South,Monthly,16,36.29,5,15,1
810,Enterprise,North,Annual,20,59.05,2,7,0
811,Basic,West,Monthly,8,78.45,2,9,0
812,Basic,South,Monthly,35,,2,15,0
813,Enterprise,South,Monthly,20,96.64,2,12,1
814,Pro,West,Monthly,43,100.3,3,15,1
815,Basic,East,Annual,29,60.65,2,8,0
816,Pro,South,Monthly,27,90.21,0,8,0
817,Pro,North,Annual,28,53.72,4,9,0
818,Basic,South,Monthly,10,61.41,2,9,0
819,Pro,West,Annual,43,52.47,0,12,0
820,Basic,South,Annual,7,44.35,1,7,1
821,Basic,East,Monthly,43,111.93,2,14,0
822,Pro,South,Monthly,59,100.66,2,15,0
823,Basic,West,Annual,46,109.3,0,8,0
824,Pro,West,Annual,27,81.18,1,12,0
825,Pro,East,Monthly,19,103.3,2,15,0
826,Basic,West,Monthly,52,27.16,3,14,1
827,Pro,East,Annual,16,105.89,1,7,0
828,Basic,South,Monthly,29,85.31,0,9,1
829,Pro,East,Monthly,46,98.81,1,11,0
830,Basic,West,Monthly,55,91.4,0,15,0
831,Pro,West,Monthly,55,50.39,1,12,0
832,Pro,North,Annual,6,35.06,1,15,1
833,Basic,East,Monthly,53,58.64,1,8,0
834,Pro,North,Annual,7,96.95,3,13,0
835,Pro,East,Monthly,35,100.7,1,15,0
836,Pro,East,Monthly,55,38.96,0,14,0
837,Pro,South,Monthly,39,50.57,1,7,0
838,Enterprise,West,Monthly,56,58.3,3,9,0
839,Basic,West,Annual,21,69.28,1,11,0
840,Basic,North,Monthly,19,39.14,2,13,0
841,Basic,North,Annual,20,37.34,2,9,0
842,Pro,North,Monthly,21,55.34,1,11,0
843,Basic,West,Monthly,41,82.59,0,13,0
844,Basic,East,Monthly,27,,1,14,0
845,Basic,East,Annual,44,76.53,5,14,0
846,Pro,West,Monthly,25,111.76,3,11,1
847,Basic,West,Monthly,19,40.95,2,16,0
848,Pro,North,Monthly,12,73.81,2,13,0
849,Basic,North,Monthly,33,110.74,2,20,0
850,Enterprise,South,Monthly,54,67.45,0,14,0
851,Basic,South,Monthly,51,62.79,0,13,0
852,Basic,East,Annual,15,114.9,3,10,0
853,Pro,North,Monthly,29,70.81,3,10,1
854,Enterprise,South,Monthly,42,113.13,0,13,1
855,Basic,North,Monthly,37,92.87,2,12,0
856,Basic,North,Annual,4,69.71,1,7,0
857,Pro,North,Monthly,35,94.39,0,8,0
858,Pro,North,Monthly,3,89.61,2,7,1
859,Basic,East,Annual,7,110.63,2,15,0
860,Basic,South,Monthly,39,63.55,4,19,0
861,Pro,South,Monthly,7,81.24,0,16,0
862,Pro,South,Monthly,21,78.15,0,11,1
863,Pro,East,Monthly,35,101.12,2,13,1
864,Pro,,Annual,39,49.24,0,6,1
865,Basic,East,Annual,27,110.51,1,11,0
866,Enterprise,East,Annual,6,93.99,0,14,0
867,Pro,East,Annual,48,40.49,4,8,0
868,Pro,East,Annual,57,116.25,2,8,0
869,Basic,North,Monthly,53,147.02,3,8,1
870,Basic,West,Monthly,45,110.06,4,15,0
871,Pro,North,Monthly,24,122.81,4,16,1
872,Basic,South,Annual,52,82.56,0,11,0
873,Enterprise,East,Annual,29,30.15,0,7,1
874,Basic,South,Annual,9,24.68,3,12,0
875,Pro,North,Monthly,51,87.65,2,9,0
876,Pro,West,Monthly,19,62.24,0,9,0
877,Basic,North,Annual,56,52.56,1,16,0
878,Basic,North,Monthly,22,78.12,1,5,0
879,Pro,West,Monthly,52,98.47,0,6,0
880,Pro,East,Monthly,32,,0,11,0
881,Basic,North,Monthly,28,66.53,4,12,1
882,Pro,West,Monthly,18,125.3,1,8,0
883,Enterprise,West,Annual,50,47.74,2,13,0
884,Basic,North,Annual,4,106.09,1,12,0
885,Basic,South,Monthly,28,65.46,1,15,0
886,Basic,South,Monthly,22,96.37,0,15,0
887,Basic,North,Annual,33,112.92,3,15,0
888,Basic,North,Monthly,16,102.24,4,11,1
889,Basic,North,Monthly,40,107.27,4,9,1
890,Pro,North,Monthly,23,45.45,2,10,0
891,Basic,South,Monthly,12,113.41,0,15,1
892,Enterprise,South,Monthly,12,54.42,4,19,1
893,Basic,North,Annual,42,87.79,1,11,0
894,Basic,South,Monthly,16,87.75,3,11,1
895,Pro,North,Monthly,19,,3,11,1
896,Pro,West,Monthly,37,90.11,2,13,0
897,Basic,North,Annual,20,54.69,3,11,0
898,Basic,West,Monthly,23,39.5,1,12,0
899,Basic,East,Monthly,15,106.17,1,11,1
900,Basic,West,Monthly,21,85.58,3,11,0
901,Basic,East,Annual,41,114.48,1,11,0
902,Basic,South,Annual,32,78.66,1,13,0
903,Basic,East,Monthly,59,37.85,3,9,0
904,Basic,South,Monthly,46,108.98,1,11,1
905,Enterprise,North,Monthly,1,68.89,1,7,0
906,Pro,South,Annual,23,90.26,2,15,0
907,Basic,South,Annual,18,60.58,0,11,0
908,Basic,North,Annual,35,129.33,1,10,0
909,Basic,North,Monthly,16,53.7,1,12,0
910,Basic,West,Monthly,58,69.88,3,14,1
911,Pro,East,Monthly,18,83.22,0,9,0
912,Pro,South,Annual,31,47.23,3,14,0
913,Enterprise,West,Monthly,8,89.92,1,11,1
914,Enterprise,North,Monthly,54,128.36,3,12,0
915,Enterprise,South,Annual,54,65.29,1,18,0
916,Enterprise,West,Monthly,47,91.85,0,16,0
917,Basic,East,Annual,21,5.0,3,16,0
918,Basic,South,Monthly,4,78.83,2,10,0
919,Basic,South,Monthly,42,70.61,0,14,0
920,Pro,North,Monthly,26,55.45,1,12,0
921,Basic,North,Monthly,59,112.44,0,13,0
922,Pro,North,Annual,42,70.21,0,13,0
923,Pro,West,Monthly,32,74.68,0,17,0
924,Basic,East,Monthly,59,68.68,2,8,0
925,Basic,South,Monthly,48,22.5,1,11,0
926,Basic,West,Annual,28,46.04,1,16,0
927,Basic,North,Annual,2,108.83,3,17,0
928,Pro,North,Annual,6,16.7,1,12,0
929,Pro,South,Monthly,27,57.01,1,7,0
930,Pro,West,Monthly,34,68.01,4,14,0
931,Basic,East,Monthly,2,132.31,1,11,0
932,Basic,West,Monthly,8,103.06,2,17,0
933,Basic,North,Monthly,42,63.28,1,14,0
934,Pro,West,Monthly,45,119.14,0,14,0
935,Pro,North,Monthly,2,57.78,3,18,1
936,Basic,North,Annual,30,110.27,1,14,0
937,Enterprise,East,Monthly,5,39.23,0,11,0
938,Basic,North,Annual,43,112.2,1,12,0
939,Pro,,Annual,50,67.82,1,17,1
940,Basic,,Monthly,52,49.14,1,10,0
941,Basic,East,Monthly,36,,3,7,0
942,Pro,South,Annual,38,88.32,1,10,0
943,Basic,North,Monthly,55,65.16,2,10,0
944,Basic,East,Monthly,37,96.62,0,9,0
945,Basic,East,Monthly,27,62.51,3,6,0
946,Basic,West,Annual,45,98.61,2,12,0
947,Pro,East,Annual,35,93.27,1,8,0
948,Pro,North,Annual,50,78.17,1,10,0
949,Pro,North,Monthly,31,66.76,2,14,0
950,Basic,,Monthly,52,84.55,2,9,0
951,Basic,North,Annual,3,96.51,1,14,1
952,Basic,West,Annual,3,141.85,1,15,1
953,Basic,North,Monthly,6,108.18,2,12,1
954,Basic,East,Annual,33,109.28,1,7,0
955,Enterprise,West,Annual,42,172.66,1,9,0
956,Pro,South,Monthly,13,95.48,2,12,0
957,Pro,North,Monthly,10,94.54,0,14,0
958,Basic,West,Monthly,51,101.12,1,7,0
959,Basic,North,Annual,45,49.73,0,9,0
960,Basic,East,Monthly,39,66.68,0,12,0
961,Basic,West,Monthly,29,64.81,1,10,0
962,Basic,East,Monthly,25,99.43,1,12,0
963,Basic,North,Annual,2,74.77,1,14,0
964,Basic,West,Annual,12,84.15,2,8,0
965,Enterprise,North,Annual,53,112.62,0,16,0
966,Basic,East,Monthly,21,105.89,3,12,0
967,Enterprise,East,Monthly,42,75.15,2,11,0
968,Basic,South,Monthly,42,59.9,2,8,0
969,Pro,South,Monthly,19,114.06,2,13,0
970,Basic,North,Monthly,13,103.22,1,17,0
971,Basic,West,Annual,41,,2,9,0
972,Basic,North,Monthly,6,70.61,0,10,0
973,Basic,South,Monthly,30,84.97,4,11,1
974,Enterprise,East,Monthly,53,103.36,4,12,0
975,Basic,East,Annual,42,107.3,0,10,0
976,Pro,East,Monthly,46,88.52,1,9,0
977,Basic,East,Monthly,5,97.56,0,9,1
978,Basic,East,Monthly,12,81.92,3,11,0
979,Basic,West,Monthly,17,59.78,3,10,0
980,Basic,South,Monthly,18,72.16,1,12,1
981,Enterprise,West,Monthly,12,80.57,0,12,1
982,Pro,West,Annual,58,78.96,0,9,0
983,Pro,West,Monthly,10,23.43,5,10,0
984,Basic,West,Monthly,42,68.08,3,14,1
985,Basic,West,Monthly,35,81.69,0,12,0
986,Enterprise,North,Monthly,37,71.56,1,13,0
987,Basic,West,Monthly,13,72.6,1,8,0
988,Basic,East,Monthly,19,94.64,0,8,1
989,Basic,South,Annual,36,47.63,0,12,0
990,Pro,East,Annual,18,31.16,4,15,0
991,Pro,South,Annual,41,69.55,1,11,0
992,Pro,East,Monthly,3,102.92,0,15,0
993,Pro,West,Annual,5,130.63,3,15,0
994,Basic,North,Annual,43,103.46,1,12,0
995,Enterprise,South,Monthly,37,35.95,1,12,0
996,Basic,West,Monthly,3,73.03,2,12,0
997,Pro,South,Annual,54,87.7,1,13,0
998,Basic,West,Annual,1,85.33,0,10,1
999,Enterprise,North,Monthly,57,96.18,0,11,1
1000,Basic,East,Monthly,44,52.49,4,13,1
1001,Basic,West,Monthly,59,81.95,0,9,0
1002,Basic,West,Monthly,56,92.61,1,19,0
1003,Basic,North,Annual,19,104.77,2,7,0
1004,Basic,West,Monthly,45,55.83,1,15,0
1005,Pro,South,Annual,13,69.65,1,10,0
1006,Basic,South,Annual,28,5.0,0,15,0
1007,Enterprise,South,Monthly,15,61.36,0,7,0
1008,Basic,East,Annual,29,64.27,3,10,0
1009,Pro,East,Annual,52,49.41,0,10,0
1010,Basic,South,Monthly,26,84.97,1,11,1
1011,Pro,North,Monthly,6,78.32,0,12,0
1012,Pro,West,Annual,20,12.22,1,13,0
1013,Basic,North,Monthly,47,86.47,0,9,1
1014,Enterprise,North,Monthly,31,52.15,2,14,1
1015,Basic,East,Monthly,34,94.57,2,16,0
1016,Basic,South,Monthly,26,41.54,0,12,0
1017,Pro,East,Monthly,18,80.9,3,11,1
1018,Pro,West,Monthly,36,71.51,0,8,0
1019,Basic,North,Monthly,38,89.09,2,12,0
1020,Basic,South,Monthly,53,83.74,1,17,0
1021,Pro,East,Annual,37,72.35,5,18,0
1022,Pro,West,Monthly,59,33.91,1,13,0
1023,Enterprise,East,Annual,49,35.68,0,16,0
1024,Basic,South,Annual,5,62.48,1,10,0
1025,Pro,East,Monthly,24,79.75,3,12,1
1026,Basic,West,Monthly,23,61.75,0,12,1
1027,Enterprise,South,Monthly,1,,1,17,1
1028,Basic,West,Annual,11,,0,11,0
1029,Pro,West,Monthly,45,51.05,2,11,0
1030,Basic,South,Monthly,21,71.66,0,14,0
1031,Pro,North,Monthly,9,86.78,1,8,1
1032,Pro,West,Monthly,17,89.75,0,14,0
1033,Basic,North,Annual,17,136.35,1,15,1
1034,Enterprise,South,Annual,11,59.93,1,9,0
1035,Basic,North,Monthly,6,77.8,1,10,0
1036,Pro,East,Monthly,46,92.78,1,9,0
1037,Basic,South,Monthly,49,79.3,1,9,1
1038,Basic,East,Monthly,30,64.98,0,17,0
1039,Basic,,Monthly,37,33.52,1,15,0
1040,Basic,West,Monthly,55,64.67,0,15,1
1041,Basic,West,Annual,50,47.79,0,12,0
1042,Pro,North,Monthly,2,,3,12,1
1043,Pro,South,Annual,57,56.13,2,13,0
1044,Pro,North,Monthly,4,48.59,2,11,0
1045,Basic,West,Monthly,2,97.51,1,11,1
1046,Basic,East,Monthly,24,98.03,0,13,0
1047,Basic,South,Monthly,45,52.88,1,5,0
1048,Pro,East,Monthly,5,72.19,0,16,0
1049,Pro,East,Annual,18,24.25,3,13,0
1050,Basic,South,Annual,16,65.17,3,11,0
1051,Pro,South,Annual,24,91.97,1,14,0
1052,Basic,North,Monthly,59,104.75,3,15,0
1053,Basic,South,Monthly,20,58.61,1,10,0
1054,Basic,South,Monthly,13,111.56,3,14,1
1055,Basic,West,Annual,8,34.53,1,13,0
1056,Pro,West,Annual,12,42.57,3,10,0
1057,Enterprise,West,Monthly,8,101.29,2,13,0
1058,Basic,North,Annual,34,130.13,3,15,0
1059,Basic,West,Monthly,25,94.8,0,17,0
1060,Pro,South,Monthly,30,78.79,1,13,0
1061,Enterprise,South,Monthly,50,14.14,2,10,0
1062,Pro,West,Monthly,35,19.33,3,12,1
1063,Basic,West,Annual,10,83.88,1,12,0
1064,Pro,North,Annual,23,69.26,0,9,0
1065,Basic,South,Monthly,19,46.82,2,13,0
1066,Enterprise,East,Monthly,49,81.97,0,12,0
1067,Basic,East,Monthly,19,83.45,1,15,0
1068,Pro,South,Monthly,9,108.33,2,15,0
1069,Basic,East,Monthly,44,84.1,1,14,0
1070,Basic,West,Monthly,26,116.85,2,12,0
1071,Pro,North,Monthly,6,,1,14,0
1072,Pro,East,Monthly,41,76.54,0,12,0
1073,Basic,,Monthly,13,111.93,1,14,0
1074,Enterprise,West,Annual,52,50.65,1,10,0
1075,Pro,South,Monthly,50,164.43,1,16,1
1076,Basic,North,Monthly,22,91.26,1,11,0
1077,Basic,,Monthly,33,91.42,3,5,1
1078,Basic,East,Annual,34,95.75,1,13,0
1079,Pro,,Monthly,39,136.31,3,13,1
1080,Basic,West,Monthly,5,103.78,1,7,1
1081,Basic,,Annual,20,31.85,0,12,0
1082,Enterprise,North,Annual,11,122.1,1,13,0
1083,Enterprise,West,Monthly,42,69.77,0,15,0
1084,Pro,North,Monthly,5,83.21,3,10,0
1085,Enterprise,South,Annual,31,41.62,1,12,0
1086,Pro,North,Monthly,43,95.79,1,14,0
1087,Pro,South,Monthly,56,60.46,3,14,0
1088,Pro,West,Monthly,17,83.01,1,12,1
1089,Basic,South,Monthly,1,71.48,1,9,0
1090,Basic,East,Monthly,43,137.75,0,19,1
1091,Basic,North,Monthly,1,139.47,3,15,1
1092,Pro,East,Monthly,4,81.4,1,12,1
1093,Basic,South,Monthly,59,81.92,0,9,0
1094,Basic,East,Monthly,51,68.8,1,17,1
1095,Pro,West,Annual,42,113.18,1,9,0
1096,Basic,East,Monthly,50,70.13,0,8,0
1097,Basic,North,Monthly,5,67.36,1,13,1
1098,Pro,South,Monthly,6,109.36,2,14,0
1099,Pro,North,Monthly,18,63.85,1,12,0
1100,Basic,South,Monthly,2,78.87,1,10,1
1101,Basic,North,Monthly,53,32.56,4,21,0
1102,Basic,East,Annual,4,101.13,5,15,0
1103,Pro,South,Monthly,33,,3,13,1
1104,Pro,North,Annual,51,101.64,1,11,0
1105,Basic,North,Annual,44,123.85,2,17,0
1106,Pro,West,Monthly,14,54.62,1,6,0
1107,Basic,West,Monthly,28,87.09,2,6,0
1108,Basic,West,Annual,33,51.71,1,24,0
1109,Enterprise,North,Monthly,46,73.17,2,14,0
1110,Basic,South,Annual,26,103.17,2,13,0
1111,Basic,West,Annual,17,83.05,2,13,0
1112,Basic,East,Monthly,47,37.62,1,13,0
1113,Pro,North,Annual,53,40.55,1,14,0
1114,Enterprise,North,Monthly,29,38.57,1,13,0
1115,Enterprise,South,Monthly,2,94.74,2,9,0
1116,Basic,,Monthly,30,141.92,1,17,0
1117,Basic,North,Monthly,53,120.87,3,10,1
1118,Pro,West,Annual,59,23.12,1,18,0
1119,Basic,East,Annual,24,122.63,1,6,0
1120,Pro,West,Monthly,9,108.09,5,12,1
1121,Pro,West,Monthly,34,33.64,3,16,0
1122,Basic,South,Monthly,50,,4,12,0
1123,Pro,West,Monthly,56,112.87,1,21,0
1124,Basic,North,Monthly,4,96.51,2,18,0
1125,Basic,South,Monthly,18,40.73,1,16,0
1126,Pro,North,Annual,29,98.32,2,14,0
1127,Basic,North,Monthly,6,15.87,2,11,0
1128,Pro,North,Monthly,53,73.32,0,13,0
1129,Pro,North,Monthly,7,114.14,3,14,0
1130,Enterprise,North,Monthly,40,80.55,2,12,0
1131,Enterprise,South,Monthly,55,65.03,0,18,0
1132,Basic,North,Monthly,41,106.68,2,13,0
1133,Basic,North,Monthly,46,109.24,3,8,1
1134,Pro,West,Annual,16,119.3,1,10,1
1135,Enterprise,North,Monthly,49,106.23,2,12,0
1136,Basic,North,Monthly,25,112.44,1,14,1
1137,Basic,North,Annual,4,101.99,0,5,0
1138,Basic,North,Monthly,22,87.97,1,14,0
1139,Basic,East,Annual,21,82.69,0,9,0
1140,Pro,West,Monthly,31,72.88,3,6,0
1141,Basic,East,Monthly,16,43.63,2,7,0
1142,Pro,East,Monthly,28,51.34,0,11,0
1143,Pro,North,Monthly,26,71.54,0,8,0
1144,Pro,West,Annual,20,87.24,1,7,1
1145,Basic,North,Monthly,42,123.22,2,14,0
1146,Basic,East,Annual,19,78.75,1,9,0
1147,Pro,South,Annual,46,110.1,0,10,0
1148,Pro,West,Annual,15,112.38,3,15,0
1149,Basic,South,Annual,52,73.06,0,14,0
1150,Pro,East,Monthly,22,97.84,1,18,0
1151,Basic,South,Monthly,3,72.69,2,12,1
1152,Pro,East,Annual,9,119.66,3,8,0
1153,Basic,West,Monthly,48,99.08,0,14,1
1154,Basic,East,Monthly,52,44.29,0,12,0
1155,Basic,South,Monthly,13,84.85,1,14,0
1156,Basic,South,Monthly,36,129.44,0,12,0
1157,Basic,East,Annual,34,74.56,1,19,0
1158,Basic,South,Monthly,8,93.43,0,13,1
1159,Basic,North,Monthly,27,96.38,2,13,0
1160,Pro,South,Annual,41,48.9,1,8,1
1161,Basic,North,Monthly,58,95.32,3,15,0
1162,Pro,North,Annual,51,38.18,2,9,0
1163,Pro,South,Monthly,6,61.23,0,9,0
1164,Basic,West,Monthly,15,112.27,2,13,0
1165,Basic,West,Monthly,26,90.7,2,13,0
1166,Pro,South,Monthly,9,70.87,1,13,0
1167,Pro,South,Monthly,34,93.39,3,14,1
1168,Basic,,Monthly,1,78.2,2,17,0
1169,Pro,West,Monthly,7,80.38,2,16,1
1170,Basic,North,Monthly,3,99.7,2,11,0
1171,Basic,West,Monthly,18,58.18,4,8,1
1172,Pro,West,Monthly,45,81.21,2,8,0
1173,Basic,East,Annual,11,70.63,0,11,0
1174,Pro,South,Annual,59,32.43,2,18,0
1175,Basic,West,Annual,16,52.39,2,10,0
1176,Pro,East,Monthly,3,127.05,4,6,0
1177,Basic,East,Monthly,20,91.54,1,18,0
1178,Basic,West,Monthly,45,40.29,2,11,1
1179,Basic,West,Annual,7,,1,13,1
1180,Basic,,Annual,5,76.64,1,11,1
1181,Pro,West,Monthly,51,,1,13,1
1182,Basic,West,Monthly,35,74.4,1,20,1
1183,Basic,North,Annual,21,119.21,2,8,1
1184,Basic,,Monthly,45,90.56,2,6,0
1185,Basic,West,Monthly,50,94.14,1,11,0
1186,Pro,North,Monthly,22,39.93,3,15,0
1187,Basic,South,Annual,34,108.13,0,12,0
1188,Enterprise,East,Monthly,1,69.95,1,12,0
1189,Basic,East,Monthly,19,105.89,3,8,0
1190,Pro,West,Monthly,36,55.57,2,5,0
1191,Basic,North,Monthly,12,85.31,0,10,0
1192,Basic,South,Annual,59,90.56,0,15,0
1193,Pro,West,Annual,58,75.38,2,16,0
1194,Enterprise,East,Monthly,16,92.14,0,9,0
1195,Pro,North,Monthly,24,72.01,1,16,1
1196,Basic,South,Annual,12,60.53,2,12,1
1197,Basic,South,Annual,30,128.16,0,13,0
1198,Pro,East,Monthly,8,111.47,1,9,1
1199,Basic,South,Monthly,24,57.17,0,10,0
1200,Pro,East,Monthly,33,97.05,2,6,1
