order_date,category,channel,units_sold,unit_price,discount_pct,marketing_spend,revenue
2023-05-02,Apparel,Online,39,24.32,15,413.75,1009.27
2023-06-26,Grocery,Online,481,27.72,0,314.45,13342.22
2023-01-28,Home,Wholesale,39,25.69,0,763.91,1477.46
2024-07-22,Apparel,Wholesale,406,11.09,0,485.33,4422.56
2024-07-16,Home,Wholesale,439,3.49,5,487.29,2068.95
2023-03-17,Apparel,Online,154,21.26,0,243.67,4246.91
2023-04-29,Toys,Retail,157,30.6,0,408.48,5456.44
2024-06-14,Apparel,Retail,294,21.38,10,585.74,6591.08
2023-09-06,Home,Online,363,37.37,5,240.16,11516.5
2023-02-07,Home,Wholesale,68,24.53,0,392.18,1780.04
2023-03-23,Grocery,Retail,126,38.57,0,415.91,5887.04
2023-09-06,Apparel,Online,379,36.52,0,513.29,12465.92
2023-12-01,Electronics,Wholesale,405,35.51,0,795.91,13994.66
2024-01-15,Grocery,Online,85,12.96,5,440.01,925.42
2023-04-02,Home,Online,445,25.17,0,361.9,13209.5
2023-08-11,Grocery,Online,434,37.23,0,1049.27,15636.87
2023-06-06,Home,Online,435,27.72,15,413.36,11710.01
2023-11-17,Home,Wholesale,127,30.54,15,461.87,3124.53
2023-07-12,Toys,Retail,337,11.12,0,428.43,3826.76
2023-05-03,Electronics,Online,88,44.19,5,444.65,4461.18
2024-05-04,Electronics,Retail,106,17.09,0,515.55,2538.71
2023-12-08,Toys,Wholesale,44,5.06,10,684.16,765.11
2023-10-12,Toys,Wholesale,251,21.49,15,580.8,4555.51
2023-03-22,Home,Wholesale,358,3.0,5,715.42,1405.72
2023-02-12,Home,Wholesale,107,14.15,5,708.81,2269.88
2024-04-22,Home,Retail,101,50.59,0,541.71,6034.01
2024-08-04,Toys,Online,145,21.2,0,575.26,3234.16
2023-12-17,Home,Wholesale,106,10.72,5,721.75,2130.01
2023-01-24,Grocery,Online,418,25.25,0,277.76,10992.45
2023-10-17,Apparel,Online,93,16.02,10,999.64,1863.24
2023-06-18,Apparel,Online,146,33.65,5,397.48,4765.44
2023-02-02,Grocery,Online,159,16.1,0,429.81,3156.13
2023-03-27,Apparel,Retail,109,27.71,5,257.62,3818.55
2023-10-27,Electronics,Wholesale,471,13.53,10,263.57,5221.84
2023-09-14,Electronics,Online,112,50.99,5,694.81,5166.67
2023-12-05,Toys,Retail,248,30.04,5,954.04,7775.92
2024-02-21,Apparel,Online,287,23.54,10,386.55,7200.1
2023-06-09,Electronics,Retail,137,22.07,0,569.46,3897.12
2023-06-21,Toys,Online,240,19.46,5,544.03,5207.65
2024-02-11,Toys,Online,93,17.39,5,700.05,1385.97
2023-04-29,Home,Retail,246,17.12,0,943.74,5504.93
2023-02-16,Grocery,Retail,19,41.78,20,804.19,1023.88
2024-05-27,Grocery,Online,225,19.47,5,452.27,4624.96
2023-05-06,Electronics,Online,188,3.71,0,605.75,1711.0
2023-03-14,Apparel,Online,181,13.34,0,625.61,3146.94
2024-03-18,Home,Retail,63,34.28,20,495.98,2944.66
2023-11-16,Home,Online,499,22.48,15,280.81,8333.0
2023-03-30,Apparel,Online,23,23.66,0,340.24,572.83
2024-05-25,Electronics,Wholesale,81,36.7,5,729.63,3886.05
2023-05-28,Toys,Retail,60,17.23,0,750.26,1618.6
2024-02-10,Grocery,Online,489,31.32,10,458.49,15583.26
2024-01-26,Grocery,Retail,166,18.32,5,552.21,3484.57
2024-05-12,Home,Online,221,30.76,0,739.45,8115.29
2024-03-13,Home,Online,377,21.09,5,159.15,8666.69
2024-02-26,Home,Retail,34,22.58,15,410.73,1116.32
2023-01-31,Home,Online,42,33.2,0,903.57,2416.08
2024-07-16,Grocery,Online,99,32.48,0,559.86,4021.65
2023-03-17,Toys,Wholesale,342,23.35,15,274.16,7929.48
2023-06-02,Grocery,Retail,489,20.28,0,523.46,10943.29
2023-09-25,Grocery,Wholesale,314,40.99,5,704.29,10809.47
2023-06-23,Electronics,Wholesale,437,30.89,5,0.0,13549.28
2023-12-22,Home,Online,442,21.09,0,535.26,9735.53
2023-02-01,Toys,Retail,145,18.47,0,425.52,2658.99
2023-09-30,Apparel,Online,100,35.25,0,171.6,2550.66
2023-07-29,Home,Retail,88,26.15,0,516.39,2308.69
2024-01-24,Apparel,Online,399,23.36,5,472.7,9834.72
2023-11-08,Electronics,Online,338,26.15,10,495.18,7394.48
2024-03-29,Grocery,Online,433,28.38,0,430.35,14629.08
2023-04-09,Apparel,Retail,258,24.43,10,295.73,6700.06
2024-07-23,Home,Online,488,37.04,5,209.04,16791.08
2023-08-24,Home,Retail,448,37.59,0,361.86,15354.5
2023-07-29,Toys,Wholesale,406,30.32,5,671.85,11459.31
2023-11-25,Toys,Retail,403,38.75,0,546.61,15029.27
2023-04-08,Home,Online,70,25.08,5,486.17,1810.6
2024-05-03,Electronics,Online,374,31.9,0,292.05,13652.76
2023-06-08,Home,Wholesale,474,35.04,10,425.22,16215.87
2024-07-10,Toys,Retail,153,35.19,15,647.43,5164.79
2023-03-30,Home,Online,409,34.16,0,600.96,16031.72
2024-06-02,Home,Wholesale,181,31.31,15,404.56,5404.16
2023-08-25,Grocery,Online,114,44.57,0,0.0,4587.72
2023-12-31,Home,Online,367,19.6,0,365.03,7623.73
2024-06-07,Home,Online,90,23.45,0,403.46,2914.25
2023-03-19,Home,Online,245,22.85,10,318.58,6257.77
2023-07-28,Toys,Online,468,21.32,10,417.36,8705.22
2024-07-23,Home,Retail,86,5.11,20,663.31,1064.91
2023-03-31,Apparel,Online,86,38.75,10,492.54,3782.65
2023-03-03,Home,Retail,472,14.74,5,697.94,8079.82
2023-11-10,Grocery,Retail,390,26.7,15,198.33,8223.5
2023-01-15,Toys,Wholesale,236,10.78,20,438.99,2450.77
2024-08-18,Toys,Online,208,31.21,10,112.2,5392.88
2024-06-26,Grocery,Retail,482,17.15,5,414.68,8566.74
2023-04-23,Grocery,Online,364,13.64,10,290.87,5538.97
2023-04-14,Home,Retail,455,26.94,0,756.25,15027.78
2024-04-11,Apparel,Online,55,17.99,15,581.94,2129.15
2023-11-09,Home,Retail,269,19.26,20,702.97,4431.46
2024-05-09,Grocery,Online,365,26.72,10,414.13,10006.09
2024-08-03,Home,Retail,27,33.0,0,296.06,1208.81
2023-08-29,Apparel,Online,260,16.82,0,289.69,4192.13
2023-06-02,Electronics,Online,37,15.09,20,553.09,1105.87
2024-01-07,Electronics,Retail,451,25.23,15,862.03,10984.33
2024-01-17,Home,Online,343,30.39,10,582.48,9747.83
2023-09-17,Grocery,Retail,102,39.63,15,425.05,3729.47
2023-06-29,Grocery,Retail,265,14.29,5,462.25,4546.79
2023-06-07,Toys,Retail,63,21.82,15,493.74,1805.92
2023-11-09,Grocery,Retail,403,36.76,0,905.33,13977.14
2023-09-13,Electronics,Retail,106,44.73,0,746.72,4588.65
2023-10-02,Toys,Wholesale,307,15.07,5,551.99,4179.49
2023-02-27,Toys,Online,48,17.61,0,521.95,1578.76
2024-06-12,Toys,Retail,87,28.81,5,559.87,3131.6
2024-02-29,Home,Retail,490,19.22,10,598.86,10262.7
2024-07-05,Apparel,Online,199,17.41,0,417.36,3947.4
2024-05-12,Toys,Online,70,27.44,10,331.18,2458.62
2024-01-07,Electronics,Online,352,40.49,0,706.44,15310.44
2023-07-04,Grocery,Retail,108,11.91,10,504.4,1246.77
2024-01-28,Toys,Online,298,39.98,0,689.75,13543.41
2023-12-06,Toys,Retail,406,19.25,10,829.23,7810.89
2024-07-08,Home,Retail,344,28.46,5,604.12,9599.52
2023-05-20,Toys,Retail,130,40.91,0,571.71,6759.44
2023-01-16,Toys,Online,126,28.25,0,1140.05,4341.46
2023-03-18,Toys,Retail,118,22.03,0,541.4,3401.9
2023-04-16,Apparel,Retail,319,32.18,0,281.89,11789.51
2024-02-03,Grocery,Online,339,23.27,0,443.75,9310.59
2023-03-29,Toys,Online,265,30.21,0,810.34,10344.96
2023-03-22,Apparel,Online,205,22.95,10,241.17,5022.63
2023-08-27,Apparel,Wholesale,40,33.61,0,349.51,1809.0
2024-04-14,Apparel,Online,419,11.06,0,721.29,6382.3
2023-09-12,Apparel,Online,333,14.86,0,445.68,4591.83
2023-06-13,Grocery,Online,322,10.91,5,477.95,3916.32
2023-06-20,Toys,Online,60,24.44,5,714.67,2226.41
2024-05-06,Electronics,Online,151,9.7,10,356.64,1512.41
2023-09-17,Apparel,Retail,158,18.08,5,206.28,2516.43
2023-08-10,Toys,Online,302,13.92,5,222.22,4438.82
2024-04-09,Home,Retail,395,39.8,0,616.36,18395.95
2023-08-10,Apparel,Online,434,15.09,0,551.83,6631.0
2023-08-03,Grocery,Online,265,12.13,10,361.49,3109.96
2024-03-26,Toys,Retail,188,27.48,0,268.24,6103.4
2023-07-16,Apparel,Retail,209,41.87,10,445.89,8009.79
2023-11-03,Home,Wholesale,370,23.84,5,723.3,8425.1
2024-02-03,Grocery,Online,165,24.61,5,332.84,4609.44
2023-05-01,Toys,Retail,213,37.91,5,367.46,9181.85
2023-03-19,Home,Retail,395,33.78,15,261.9,13688.24
2024-05-25,Toys,Online,276,29.25,5,426.52,8601.53
2023-06-28,Grocery,Retail,239,19.18,5,567.62,4535.55
2023-07-24,Home,Online,369,29.56,15,923.03,10018.25
2023-12-20,Home,Online,151,11.39,5,543.56,2062.57
2023-03-03,Grocery,Retail,39,18.76,5,489.26,1445.83
2023-01-28,Electronics,Retail,396,39.31,0,672.59,16957.85
2023-09-07,Apparel,Wholesale,232,38.02,0,639.24,8236.09
2024-08-03,Apparel,Wholesale,169,29.37,10,384.47,4081.75
2023-12-11,Toys,Online,56,5.71,0,960.41,1090.84
2023-12-14,Toys,Retail,463,12.92,0,495.12,5921.3
2024-01-01,Toys,Wholesale,365,18.21,0,547.28,6838.33
2024-05-31,Electronics,Online,144,23.28,20,610.27,3281.4
2024-05-16,Apparel,Online,307,12.5,5,569.17,3799.41
2023-01-15,Apparel,Wholesale,237,22.54,5,805.08,5565.23
2023-11-21,Electronics,Online,170,42.67,15,382.02,6115.73
2023-11-24,Apparel,Wholesale,162,29.01,0,656.68,4907.83
2023-05-15,Home,Online,47,27.19,10,532.91,1380.26
2024-08-08,Toys,Wholesale,487,14.82,10,696.54,6619.71
2023-06-06,Electronics,Retail,463,8.61,5,457.0,4131.62
2024-05-15,Toys,Retail,436,12.72,10,429.92,6090.01
2023-03-02,Toys,Retail,164,8.21,20,646.41,1699.69
2023-12-28,Electronics,Online,498,25.75,0,571.6,13075.76
2024-03-17,Apparel,Retail,144,28.84,0,335.94,4998.55
2023-10-30,Home,Wholesale,413,15.35,10,769.12,6337.66
2023-03-05,Toys,Wholesale,59,26.48,5,646.5,1972.27
2023-03-16,Grocery,Wholesale,162,39.69,5,485.16,7444.79
2023-12-30,Toys,Retail,292,44.58,0,406.35,13534.87
2024-06-01,Apparel,Retail,484,32.7,10,572.83,15456.0
2023-12-25,Toys,Retail,140,23.25,10,632.1,2909.75
2023-03-02,Toys,Retail,221,32.38,20,181.18,6433.99
2024-04-16,Home,Retail,422,38.52,5,575.14,18363.18
2023-10-03,Electronics,Online,241,4.93,20,630.51,1209.83
2023-02-14,Apparel,Online,344,39.82,5,29.51,14332.04
2023-08-09,Electronics,Retail,214,19.55,5,539.24,4313.54
2023-05-02,Toys,Online,11,19.65,10,638.92,488.98
2024-08-14,Apparel,Online,148,21.45,5,616.18,3169.43
2024-06-29,Grocery,Online,287,28.2,5,660.49,7795.21
2023-03-05,Apparel,Retail,19,13.89,0,434.49,743.01
2023-12-10,Toys,Wholesale,123,22.15,0,292.02,2880.83
2023-01-05,Grocery,Retail,477,30.25,10,140.05,13504.37
2023-10-02,Apparel,Wholesale,17,27.19,0,718.44,624.08
2023-04-04,Home,Wholesale,131,28.81,10,640.61,4360.58
2024-03-24,Electronics,Online,313,21.76,0,733.7,8027.86
2023-02-13,Electronics,Online,285,31.94,0,354.97,10250.66
2024-06-25,Toys,Online,110,35.56,10,660.77,4544.61
2023-05-19,Toys,Online,39,34.96,0,199.46,1566.26
2023-06-07,Toys,Retail,450,29.28,20,326.1,11041.83
2024-06-15,Grocery,Online,279,34.39,20,525.2,8197.81
2024-06-24,Apparel,Wholesale,290,33.71,5,632.64,9468.35
2023-02-27,Electronics,Retail,38,51.77,5,835.8,2384.36
2023-03-07,Grocery,Online,112,37.18,0,451.99,5293.39
2024-05-27,Apparel,Wholesale,45,24.11,10,326.85,886.22
2024-08-09,Electronics,Wholesale,489,15.88,0,316.57,7382.26
2023-10-21,Electronics,Retail,387,22.39,15,362.43,6623.22
2023-04-09,Home,Retail,277,21.68,20,944.21,6114.55
2023-04-02,Toys,Wholesale,343,30.11,0,651.37,12466.08
2023-06-09,Apparel,Retail,91,18.0,10,722.51,1854.82
2024-02-16,Toys,Wholesale,494,36.92,5,452.2,19820.31
2023-02-27,Apparel,Online,263,11.1,5,499.67,3313.11
2024-01-20,Grocery,Retail,263,8.67,0,639.85,2791.55
2024-04-27,Apparel,Retail,480,23.65,10,398.84,11758.1
2023-03-28,Grocery,Online,57,16.57,0,441.74,1646.01
2024-08-13,Apparel,Online,217,12.42,15,365.06,2512.99
2024-08-15,Grocery,Online,53,18.63,5,410.5,380.9
2023-06-28,Home,Online,218,17.39,5,509.8,4119.25
2023-03-09,Electronics,Online,140,25.1,15,335.66,3144.54
2023-07-15,Apparel,Online,235,18.8,10,557.2,4183.54
2023-06-05,Apparel,Retail,353,19.61,5,556.92,7425.47
2023-06-17,Home,Retail,147,24.95,5,464.15,3880.08
2024-07-08,Apparel,Retail,35,35.14,5,334.51,1564.08
2023-04-03,Home,Online,89,39.71,0,520.99,4696.91
2023-07-10,Toys,Retail,360,26.48,15,399.02,8015.55
2024-04-17,Grocery,Online,293,27.26,0,509.32,9300.75
2023-02-04,Apparel,Online,489,23.17,5,719.63,12242.95
2023-02-06,Grocery,Retail,448,29.81,10,249.41,12827.41
2023-07-01,Toys,Wholesale,88,28.9,0,934.7,3151.97
2024-08-03,Apparel,Wholesale,370,38.26,15,485.5,11845.33
2024-05-18,Apparel,Retail,54,6.11,0,582.37,377.7
2024-07-10,Electronics,Retail,57,22.66,0,349.45,1438.03
2024-06-02,Toys,Retail,398,28.39,5,728.44,11900.53
2023-03-13,Toys,Retail,206,24.74,5,474.87,6509.63
2023-08-29,Home,Online,498,15.61,15,421.18,5947.03
2023-11-14,Toys,Online,12,12.01,5,384.9,285.98
2023-04-10,Grocery,Wholesale,256,33.06,0,446.3,9766.52
2024-08-18,Toys,Wholesale,160,17.43,0,583.67,2949.23
2023-12-28,Toys,Online,492,7.45,0,534.56,4143.38
2024-05-26,Toys,Online,337,33.57,5,492.03,11802.59
2023-06-05,Apparel,Online,388,29.59,0,357.72,12825.19
2024-03-05,Grocery,Online,152,23.84,5,346.17,4265.12
2023-03-05,Electronics,Online,448,15.85,15,407.83,7424.76
2023-01-14,Toys,Retail,421,23.87,5,592.06,10263.57
2024-01-20,Apparel,Online,394,37.16,10,632.45,14422.54
2023-02-11,Home,Online,243,8.85,0,659.41,2827.46
2023-06-15,Home,Online,461,9.36,10,499.71,4884.87
2024-04-21,Grocery,Retail,337,18.72,0,576.71,7691.89
2023-10-26,Grocery,Online,42,24.73,5,466.31,1227.94
2023-08-14,Toys,Online,443,20.04,0,151.54,7957.52
2023-06-24,Grocery,Retail,20,31.43,0,456.81,851.59
2024-02-06,Grocery,Retail,344,35.89,0,424.93,13858.16
2024-07-26,Home,Online,132,27.79,0,292.19,3915.28
2024-03-19,Home,Retail,449,30.6,15,386.52,13494.97
2023-08-04,Toys,Online,367,27.72,0,527.02,9804.06
2023-09-11,Apparel,Retail,405,25.1,20,273.35,7257.52
2023-03-03,Grocery,Online,352,12.06,5,357.84,4956.28
2023-03-28,Apparel,Wholesale,287,14.72,0,809.58,4992.01
2023-06-10,Home,Wholesale,433,11.49,0,179.46,5112.58
2023-08-21,Apparel,Retail,155,23.51,0,463.36,3188.41
2024-08-17,Apparel,Wholesale,268,27.32,10,266.74,6093.55
2024-06-06,Toys,Online,156,10.51,0,349.67,1750.1
2023-03-09,Grocery,Retail,65,25.73,15,460.45,1837.39
2023-07-18,Grocery,Online,438,16.25,0,302.48,6704.42
2023-02-03,Electronics,Online,253,14.31,0,614.79,4291.12
2023-02-07,Apparel,Retail,36,18.75,0,770.23,1015.53
2023-08-13,Apparel,Retail,414,13.8,10,668.34,5390.18
2024-07-29,Grocery,Retail,471,31.07,5,704.92,13632.02
2023-04-22,Toys,Wholesale,334,23.32,15,224.05,7775.71
2024-02-13,Apparel,Retail,170,33.15,0,451.39,6486.49
2023-08-24,Apparel,Wholesale,431,20.57,0,593.48,7672.59
2023-11-21,Home,Wholesale,372,20.94,10,674.24,6741.31
2024-06-05,Toys,Retail,149,43.73,5,850.67,7038.25
2024-05-12,Apparel,Online,171,8.77,10,713.81,2147.52
2024-05-11,Apparel,Retail,494,37.84,5,679.3,20525.14
2023-09-04,Home,Retail,477,41.55,10,1026.72,16362.73
2023-01-30,Toys,Wholesale,341,32.66,0,519.26,12755.75
2024-08-14,Grocery,Online,27,21.7,20,442.19,603.37
2024-08-19,Home,Online,122,39.27,0,535.47,4496.78
2024-05-29,Grocery,Online,183,21.78,10,316.99,4438.5
2023-10-14,Electronics,Online,272,17.94,0,513.53,4626.82
2023-06-18,Grocery,Retail,435,21.12,10,154.63,8606.13
2023-04-15,Electronics,Online,425,19.3,15,394.1,8858.32
2023-08-11,Apparel,Online,144,15.53,15,476.93,2273.24
2023-07-20,Apparel,Retail,63,36.1,5,689.93,2554.62
2023-06-15,Grocery,Online,145,17.27,5,722.22,2851.6
2024-07-24,Apparel,Online,125,24.7,10,307.28,3259.4
2024-01-31,Apparel,Retail,450,10.56,5,915.21,5652.91
2023-05-14,Toys,Retail,16,25.31,5,529.67,858.64
2024-01-19,Home,Wholesale,416,13.44,0,548.01,6501.59
2024-02-28,Grocery,Retail,331,13.2,5,176.46,5084.81
2023-11-10,Home,Wholesale,61,23.91,0,375.99,1755.42
2024-07-22,Grocery,Online,345,35.57,10,709.96,11282.12
2024-08-02,Grocery,Retail,294,29.4,0,533.96,8520.85
2023-09-17,Grocery,Retail,11,30.09,5,521.56,852.34
2023-10-11,Toys,Retail,119,23.7,10,545.43,2380.07
2023-05-11,Grocery,Online,180,21.64,5,211.36,4843.29
2024-04-15,Apparel,Online,115,32.91,15,480.68,3698.62
2024-07-12,Electronics,Online,293,19.37,0,781.67,6228.04
2024-01-30,Toys,Retail,311,33.34,5,717.34,10752.27
2023-05-01,Apparel,Retail,93,37.36,5,474.96,4083.22
2023-11-07,Apparel,Online,70,16.59,5,812.73,1449.06
2024-04-21,Electronics,Retail,331,18.06,10,248.18,6375.79
2023-01-26,Home,Retail,240,19.54,0,305.66,5340.89
2023-12-21,Home,Retail,139,10.33,5,872.72,1739.46
2024-01-30,Toys,Online,135,20.31,0,615.59,3428.45
2023-11-19,Grocery,Wholesale,29,38.01,5,442.22,1714.68
2024-01-21,Grocery,Retail,428,14.54,10,488.94,5895.22
2024-06-21,Home,Retail,422,38.25,0,338.67,16555.28
2023-03-16,Toys,Retail,281,20.67,5,555.32,7015.64
2023-12-09,Toys,Retail,181,46.14,5,539.48,7944.16
2024-04-22,Toys,Online,115,18.18,10,503.98,2592.99
2024-05-08,Apparel,Wholesale,160,23.56,0,268.05,4741.44
2023-10-08,Apparel,Online,463,15.9,5,552.95,6156.44
2024-08-21,Electronics,Retail,53,18.12,10,394.1,923.57
2023-07-14,Toys,Wholesale,413,38.38,5,302.8,14630.62
2023-09-22,Grocery,Retail,159,29.75,10,753.35,4124.39
2024-05-09,Toys,Retail,139,35.29,0,933.94,6633.09
2023-09-21,Grocery,Online,406,11.84,15,888.52,3682.51
2023-07-26,Home,Online,480,31.55,0,630.02,14364.92
2023-11-30,Electronics,Retail,495,15.29,0,446.88,6935.02
2024-01-09,Electronics,Online,141,11.63,5,485.93,2403.12
2024-08-04,Grocery,Online,299,27.39,5,581.12,7410.13
2024-01-06,Apparel,Wholesale,153,27.29,5,415.95,4262.66
2023-04-22,Apparel,Online,104,25.53,0,763.76,3155.05
2023-02-01,Toys,Online,199,32.18,0,92.85,6901.85
2024-08-03,Home,Online,40,33.74,10,440.85,1728.32
2023-09-11,Toys,Retail,90,39.7,0,660.21,3672.32
2023-05-01,Home,Online,301,13.1,10,330.97,4245.6
2023-05-14,Toys,Retail,346,40.02,5,451.97,14511.34
2023-03-05,Electronics,Retail,142,43.82,0,618.73,7451.27
2023-04-30,Apparel,Online,283,21.34,10,803.65,6840.31
2024-04-13,Electronics,Online,384,8.32,15,241.21,3008.75
2024-01-28,Electronics,Online,448,11.17,10,226.39,5194.28
2023-12-26,Toys,Retail,288,20.38,0,310.79,6304.19
2023-01-07,Home,Online,128,45.14,5,192.49,5583.33
2024-02-08,Apparel,Online,359,25.17,15,206.72,8779.99
2024-08-04,Apparel,Online,93,18.83,5,305.47,1735.97
2024-07-07,Apparel,Online,78,18.15,0,746.7,2333.96
2023-08-26,Electronics,Retail,185,11.77,0,437.58,2871.59
2023-12-27,Toys,Online,171,33.75,10,506.28,5214.14
2023-06-29,Electronics,Wholesale,81,24.08,10,308.91,2245.29
2024-06-17,Apparel,Online,35,46.0,15,626.71,2309.03
2024-07-05,Electronics,Retail,473,31.28,15,875.15,12843.2
2023-05-14,Toys,Retail,341,33.3,0,322.47,12705.06
2023-10-20,Apparel,Online,361,22.58,5,844.95,7144.18
2023-05-22,Apparel,Retail,42,14.09,0,572.88,1067.36
2024-01-04,Grocery,Wholesale,400,16.26,0,503.37,6866.86
2023-06-25,Home,Retail,188,11.31,0,580.02,2567.08
2024-02-22,Apparel,Wholesale,376,34.1,15,578.11,12904.62
2024-08-11,Home,Retail,250,21.15,0,871.42,4897.85
2024-06-06,Home,Online,128,34.53,5,604.04,4648.8
2023-04-20,Apparel,Wholesale,138,26.36,5,608.22,4635.16
2023-03-19,Home,Online,78,22.07,0,415.7,2471.33
2024-05-03,Apparel,Retail,416,13.3,5,667.82,6139.88
2023-02-18,Toys,Retail,220,28.02,0,308.63,7269.55
2023-08-29,Home,Wholesale,392,22.81,0,521.8,8625.39
2024-08-19,Grocery,Wholesale,416,34.02,5,1076.66,12777.05
2023-09-26,Apparel,Online,91,17.85,10,0.0,941.03
2023-01-06,Grocery,Retail,171,31.16,10,546.63,5569.43
2024-08-08,Home,Online,70,41.41,10,554.32,3329.23
2024-02-29,Grocery,Retail,14,27.73,0,454.38,535.87
2023-07-18,Home,Retail,493,32.85,0,459.1,15898.82
2024-01-02,Grocery,Online,333,30.72,5,518.28,10510.09
2024-01-03,Electronics,Retail,231,43.98,20,449.6,8584.68
2023-11-28,Grocery,Online,108,28.72,0,544.4,2761.24
2024-07-30,Grocery,Retail,299,32.0,0,402.48,9328.25
2024-04-16,Home,Wholesale,275,24.64,15,904.48,7022.21
2023-06-05,Electronics,Retail,119,17.26,15,449.6,1840.11
2024-08-18,Home,Retail,17,12.92,0,613.92,168.09
2024-07-31,Grocery,Online,239,37.67,10,366.19,8146.31
2023-01-29,Home,Online,259,14.92,5,686.63,4233.41
2023-06-28,Electronics,Online,401,32.46,5,646.69,13098.58
2024-01-04,Apparel,Online,202,29.16,5,583.85,6294.28
2024-06-11,Toys,Online,57,34.18,20,294.53,1920.21
2024-03-06,Apparel,Retail,441,19.85,0,349.52,10312.99
2023-12-11,Home,Retail,212,17.09,10,837.23,3877.91
2023-07-03,Apparel,Online,363,28.78,0,347.31,10729.35
2023-02-28,Grocery,Retail,31,22.08,5,628.18,1007.61
2024-06-19,Home,Wholesale,27,12.69,10,311.07,311.61
2023-11-16,Apparel,Online,21,44.39,10,701.68,1280.46
2023-10-02,Home,Retail,396,17.09,15,362.72,5142.09
2024-08-10,Home,Online,127,15.06,10,307.36,1930.78
2023-04-09,Home,Retail,397,22.58,10,357.53,9883.96
2023-06-02,Apparel,Retail,472,37.53,0,389.24,19424.99
2024-05-27,Electronics,Online,335,3.33,20,580.93,1189.02
2023-06-20,Grocery,Online,493,36.7,5,513.88,17457.37
2024-07-19,Apparel,Wholesale,465,15.89,5,280.97,6686.2
2024-05-29,Grocery,Online,364,27.65,5,494.41,10316.87
2023-03-01,Apparel,Retail,403,18.24,0,271.3,8295.13
2023-10-02,Toys,Retail,305,44.92,5,628.71,11639.21
2024-03-27,Grocery,Online,117,26.25,0,665.38,4088.29
2023-10-21,Home,Retail,60,17.92,0,495.21,1877.05
2023-05-10,Apparel,Retail,196,21.99,15,554.33,4684.18
2023-01-28,Grocery,Online,242,25.9,15,850.42,6950.93
2023-01-05,Electronics,Wholesale,181,26.78,5,468.48,5253.48
2023-04-17,Electronics,Online,59,29.39,20,311.15,2162.39
2023-06-06,Electronics,Retail,257,24.99,5,615.84,6876.8
2023-07-01,Apparel,Online,254,11.23,0,273.47,2753.44
2024-05-27,Home,Online,477,21.6,15,457.89,9726.35
2023-11-02,Apparel,Retail,477,31.07,5,380.2,12581.23
2023-03-26,Electronics,Retail,311,18.3,10,359.64,5985.23
2023-02-19,Apparel,Online,426,31.73,5,449.98,14360.66
2023-03-20,Home,Retail,163,25.32,5,679.98,5164.81
2023-07-08,Apparel,Retail,484,22.82,0,721.13,11138.84
2024-03-19,Home,Online,471,36.94,20,685.24,16048.33
2023-01-30,Apparel,Retail,71,7.62,0,567.27,698.26
2023-09-01,Toys,Retail,353,18.25,5,448.46,5609.65
2023-09-26,Toys,Retail,234,37.32,0,28.44,7153.15
2023-03-31,Grocery,Retail,140,43.3,5,573.53,7012.91
2023-02-05,Home,Retail,211,47.86,0,44.13,11193.15
2023-05-19,Electronics,Wholesale,454,25.5,10,115.33,11749.75
2023-04-02,Grocery,Retail,462,29.58,5,467.67,15105.81
2024-04-21,Apparel,Online,178,33.17,0,552.92,6785.56
2024-07-04,Apparel,Online,236,37.75,0,409.78,8986.59
2024-01-09,Grocery,Wholesale,262,28.13,0,807.11,8382.92
2024-03-31,Electronics,Wholesale,369,34.26,10,592.42,13825.08
2024-04-01,Apparel,Online,244,29.6,10,450.12,7941.08
2024-06-10,Grocery,Online,204,30.22,0,777.26,7468.37
2023-02-28,Toys,Online,462,15.82,5,813.02,8997.29
2024-08-21,Home,Wholesale,192,21.71,0,602.51,4021.96
2023-10-02,Home,Wholesale,140,19.77,15,344.95,2721.72
2023-11-22,Toys,Retail,170,13.11,20,389.95,1849.59
2024-04-23,Electronics,Online,173,8.48,10,210.65,1977.97
2023-10-24,Home,Wholesale,282,20.76,0,491.52,5650.17
2023-06-09,Apparel,Online,333,22.36,5,289.99,7115.07
2023-01-12,Home,Online,75,26.05,20,434.19,1668.54
2023-04-12,Toys,Online,444,30.56,0,552.12,15644.94
2023-02-20,Home,Retail,134,26.88,10,103.26,3163.67
2023-08-18,Toys,Retail,66,22.43,15,247.25,1582.56
2024-04-12,Home,Online,337,15.85,10,398.63,6453.41
2023-07-20,Toys,Online,112,33.77,5,489.49,3739.88
2023-12-25,Electronics,Retail,377,23.98,5,401.22,9027.42
2023-04-22,Apparel,Online,474,20.66,15,445.9,10296.37
2023-12-21,Apparel,Online,349,23.14,0,358.76,8212.88
2024-07-26,Grocery,Online,390,17.67,15,210.12,5646.63
2023-07-09,Home,Online,252,19.69,5,393.05,4865.06
2023-10-17,Apparel,Online,179,19.38,10,457.37,3198.73
2024-07-31,Electronics,Retail,310,22.13,15,437.92,6007.47
2023-12-31,Apparel,Online,185,31.56,5,522.36,6099.52
2023-08-28,Electronics,Online,439,29.07,0,583.78,11759.79
2023-03-14,Grocery,Retail,240,40.47,0,636.35,11591.74
2024-07-16,Toys,Online,254,37.12,10,373.29,7973.64
2024-01-02,Toys,Retail,340,44.56,5,184.84,14884.33
2023-02-04,Apparel,Online,102,30.59,0,754.32,3603.32
2023-11-30,Home,Wholesale,284,30.43,15,577.09,7429.07
2024-08-04,Home,Online,379,20.13,15,309.07,6416.59
2024-07-13,Home,Retail,390,33.26,15,555.54,10778.57
2023-04-28,Home,Retail,120,18.44,5,713.6,2773.37
2023-09-05,Apparel,Retail,36,10.3,20,845.84,1569.61
2024-08-14,Electronics,Retail,105,40.26,15,550.12,3636.83
2024-04-14,Home,Online,411,12.51,0,711.93,6095.05
2023-12-03,Electronics,Online,140,29.39,20,258.08,3507.79
2023-07-02,Electronics,Wholesale,38,16.2,5,492.82,746.71
2024-04-02,Home,Wholesale,302,36.27,15,433.0,10476.74
2023-12-14,Toys,Online,441,37.63,10,568.51,14891.01
2023-11-11,Home,Retail,119,30.29,5,822.24,3416.35
2024-07-10,Electronics,Retail,31,37.46,0,549.98,1669.63
2023-08-15,Toys,Retail,78,25.07,0,312.46,1758.83
2024-01-11,Grocery,Wholesale,72,47.34,0,247.31,3914.66
2023-01-27,Apparel,Retail,110,32.46,10,829.16,4147.84
2024-03-02,Apparel,Online,98,15.99,15,602.76,1212.34
2023-11-25,Toys,Retail,322,25.7,0,589.62,8136.83
2024-06-09,Home,Online,119,23.47,0,431.25,3203.29
2023-07-19,Electronics,Online,278,22.5,10,553.57,6248.72
2024-07-09,Apparel,Retail,206,8.43,0,302.61,2059.83
2023-12-12,Apparel,Retail,330,28.87,0,577.44,9751.27
2023-05-05,Home,Online,331,11.14,0,265.03,4149.0
2023-04-07,Apparel,Retail,300,3.0,5,428.14,1088.13
2023-04-28,Home,Online,447,21.56,5,371.42,10676.01
2023-07-01,Apparel,Online,106,17.44,15,0.0,1465.69
2023-11-27,Grocery,Retail,267,16.38,0,430.65,4754.84
2024-06-04,Home,Retail,203,3.0,0,320.23,859.58
2024-08-20,Toys,Retail,270,16.49,10,457.92,3547.88
2024-02-11,Toys,Online,78,23.26,20,500.34,1747.39
2023-10-22,Apparel,Retail,166,18.66,0,853.59,3635.48
2024-01-03,Electronics,Online,471,28.87,15,560.94,12046.11
2023-07-18,Home,Wholesale,402,38.93,10,566.82,13884.82
2023-05-27,Apparel,Online,218,30.16,15,599.12,6868.18
2023-11-19,Toys,Wholesale,64,35.26,5,674.36,2195.19
2024-05-11,Home,Online,327,36.09,0,590.86,12957.59
2023-02-08,Apparel,Online,157,14.81,0,556.34,2731.21
2023-03-08,Apparel,Online,171,29.39,10,642.25,5729.54
2023-04-17,Toys,Retail,57,34.95,15,14.67,1875.02
2023-05-06,Electronics,Wholesale,151,20.64,5,917.81,3594.3
2023-03-31,Toys,Retail,114,17.09,0,817.95,3199.6
2023-03-20,Apparel,Online,26,30.3,0,543.43,1387.12
2023-01-17,Toys,Online,297,10.18,5,217.4,3287.12
2023-07-29,Home,Retail,485,14.12,15,742.07,6144.36
2024-03-09,Home,Online,71,18.33,0,361.22,1381.86
2023-04-05,Apparel,Wholesale,35,29.51,10,606.77,1645.0
2023-07-15,Grocery,Online,59,27.19,5,243.42,1938.84
2024-08-06,Grocery,Retail,277,35.32,15,945.28,8683.81
2023-04-12,Home,Retail,414,15.78,10,211.56,7132.34
2024-08-15,Home,Online,161,15.25,0,513.8,2761.07
2023-11-04,Home,Online,67,30.24,10,75.56,1134.8
2024-03-10,Home,Wholesale,57,17.01,10,491.76,1383.73
2023-07-14,Toys,Online,307,18.96,15,414.94,4835.8
2023-07-14,Electronics,Retail,184,6.43,5,727.44,2054.95
2023-08-24,Apparel,Wholesale,182,27.91,0,414.92,5145.31
2023-03-18,Toys,Online,126,40.41,5,727.72,5837.78
2023-07-09,Grocery,Wholesale,449,14.71,10,295.18,6053.84
2024-06-20,Apparel,Online,193,35.22,0,443.61,7412.23
2023-01-03,Home,Retail,356,24.41,20,447.62,7634.09
2023-12-10,Electronics,Online,373,7.35,0,599.12,2571.16
2024-02-17,Electronics,Retail,39,16.05,15,573.67,386.77
2023-03-26,Toys,Online,131,15.44,5,644.45,2735.04
2023-03-08,Grocery,Online,448,21.83,0,553.37,10803.64
2023-11-28,Electronics,Online,442,29.2,5,632.26,11818.92
2023-05-12,Grocery,Online,212,43.49,5,320.43,10197.83
2024-08-09,Home,Retail,86,10.69,15,577.76,1541.01
2023-04-25,Home,Online,156,20.15,5,821.64,3868.03
2023-03-20,Toys,Online,475,16.04,0,164.0,8915.87
2023-07-18,Toys,Online,339,12.32,15,597.8,4075.68
2023-07-19,Electronics,Online,46,25.95,5,635.36,1239.5
2023-04-07,Apparel,Online,361,25.01,0,792.24,11284.82
2024-02-03,Apparel,Online,82,6.86,15,645.21,1116.21
2023-07-28,Toys,Retail,158,25.18,0,520.06,3951.29
2023-11-13,Grocery,Retail,245,12.95,0,586.01,3332.78
2023-05-26,Grocery,Retail,182,25.12,5,352.99,4967.68
2023-02-27,Electronics,Online,352,37.69,5,422.41,14764.0
2023-02-06,Toys,Wholesale,86,29.63,5,232.86,2714.75
2023-02-01,Home,Retail,439,26.78,15,797.41,11483.1
2024-06-06,Apparel,Retail,300,19.71,0,590.03,6563.33
2023-06-08,Home,Online,159,25.67,20,316.78,3430.91
2023-07-03,Home,Online,478,30.63,0,554.27,15084.07
2023-12-14,Apparel,Online,244,29.64,0,731.87,7231.42
2023-02-27,Toys,Online,214,24.01,0,698.56,6584.76
2023-12-27,Toys,Retail,20,27.17,0,314.47,966.69
2023-11-09,Electronics,Online,498,11.83,5,0.0,4710.24
2024-04-19,Toys,Online,424,17.66,15,579.08,7797.85
2023-03-15,Home,Online,96,32.08,10,322.63,3196.36
2023-01-11,Grocery,Online,474,33.42,10,624.47,14677.51
2024-04-08,Grocery,Online,400,25.94,0,690.05,12291.68
2023-08-11,Home,Online,216,39.79,15,722.73,7167.17
2023-02-06,Grocery,Retail,464,30.08,0,848.95,16037.07
2023-11-30,Grocery,Online,283,22.67,10,747.27,5973.21
2023-10-06,Toys,Retail,347,12.8,10,849.91,4352.33
2024-07-24,Home,Wholesale,99,39.39,0,775.81,3996.99
2024-07-20,Grocery,Wholesale,63,32.7,5,793.24,2382.63
2023-11-20,Toys,Retail,268,42.98,15,491.83,9720.76
2023-04-06,Toys,Online,170,46.67,0,242.13,8734.5
2024-03-24,Electronics,Retail,491,12.13,10,996.45,6819.5
2023-05-01,Home,Wholesale,51,12.16,20,512.59,649.68
2024-05-17,Home,Online,383,3.0,0,745.74,1806.66
2023-12-27,Grocery,Online,304,34.18,0,389.95,10458.5
2023-08-01,Grocery,Retail,440,31.56,5,692.78,12939.39
2024-08-10,Toys,Online,499,25.98,10,11.01,10632.92
2023-11-05,Home,Retail,436,12.74,5,417.91,4567.68
2023-08-20,Grocery,Online,193,24.11,5,480.32,4130.49
2023-04-24,Toys,Online,350,26.85,0,592.52,11175.11
2024-01-25,Electronics,Retail,89,32.83,20,714.4,3277.01
2023-06-11,Grocery,Retail,248,27.73,15,281.17,7104.92
2023-04-02,Apparel,Retail,141,31.64,5,631.99,5590.29
2023-03-12,Toys,Retail,132,23.76,20,745.33,3155.19
2024-01-20,Home,Wholesale,289,36.81,10,969.18,10805.88
2024-07-06,Grocery,Online,72,31.32,20,641.33,2346.4
2023-06-01,Grocery,Wholesale,288,13.13,0,408.1,4237.29
2023-05-11,Apparel,Online,206,38.89,0,245.65,9281.29
2024-01-03,Home,Online,122,37.26,15,865.84,3905.02
2023-03-27,Grocery,Retail,285,29.65,5,647.47,9910.79
2023-02-23,Grocery,Online,377,27.81,0,495.6,11997.6
2024-01-18,Apparel,Wholesale,308,41.59,10,176.04,12163.62
2023-11-11,Toys,Online,53,8.67,5,313.76,1077.45
2023-01-18,Electronics,Online,285,37.41,0,626.26,11271.73
2023-05-23,Apparel,Online,315,20.24,0,570.77,7516.59
2023-04-30,Toys,Retail,344,35.95,5,110.73,13627.22
2024-02-14,Grocery,Retail,218,26.2,0,626.52,6862.85
2024-02-04,Home,Online,56,12.57,0,186.31,428.51
2024-03-24,Home,Online,72,20.03,5,770.8,2595.69
2023-03-01,Toys,Online,172,35.22,10,541.71,6524.03
2024-05-23,Apparel,Online,320,22.9,5,407.32,7773.09
2023-05-06,Apparel,Retail,372,18.79,0,698.03,8322.45
2024-08-18,Home,Retail,339,18.72,10,570.7,5419.94
2024-06-07,Toys,Online,162,31.42,0,764.99,5646.8
2023-10-03,Home,Online,225,42.51,0,516.1,8593.31
2024-04-16,Grocery,Retail,32,3.59,0,527.76,374.53
2024-02-07,Toys,Online,401,53.01,10,442.95,21432.06
2024-04-09,Toys,Online,183,27.04,0,552.59,6279.65
2023-01-12,Home,Retail,259,30.8,5,839.59,8970.71
2023-02-20,Home,Online,230,20.64,5,399.45,5286.14
2024-06-27,Electronics,Online,150,24.96,10,629.59,3663.8
2024-04-13,Electronics,Online,92,26.93,10,323.91,2374.55
2024-01-05,Home,Retail,477,14.51,15,86.65,6686.21
2023-07-07,Grocery,Online,68,16.94,10,541.49,1654.19
2023-09-10,Toys,Retail,472,36.85,0,574.08,15203.16
2023-08-24,Home,Online,65,9.48,0,477.99,1433.1
2023-09-18,Home,Online,56,29.41,0,200.8,1973.5
2024-01-12,Toys,Retail,452,21.29,0,560.86,9962.25
2024-03-30,Apparel,Online,473,15.39,0,553.26,8587.68
2023-08-19,Electronics,Online,448,44.72,0,322.24,18030.64
2024-05-15,Toys,Online,389,15.45,10,229.3,5854.66
2023-02-24,Home,Retail,251,13.7,10,449.52,3802.03
2024-04-29,Electronics,Online,62,23.13,0,630.59,2341.56
2024-02-10,Apparel,Retail,299,17.31,5,583.33,5449.71
2023-11-03,Apparel,Online,264,25.06,0,323.83,6126.66
2023-08-14,Apparel,Online,370,26.55,5,527.39,9154.54
2023-08-11,Home,Online,27,27.35,5,677.43,1296.19
2023-08-05,Toys,Online,47,23.76,0,265.47,1213.03
2024-07-21,Grocery,Retail,298,17.98,0,512.63,5291.75
2023-01-17,Toys,Online,429,31.43,20,767.93,12116.83
2024-01-16,Toys,Wholesale,467,23.88,5,245.01,10869.19
2024-08-16,Apparel,Online,288,20.04,5,731.11,5551.97
2023-11-23,Electronics,Retail,190,39.8,0,823.84,7535.07
2024-01-19,Electronics,Online,241,23.79,0,455.56,6711.63
2023-12-25,Grocery,Retail,259,35.92,0,431.4,9323.83
2023-10-31,Apparel,Online,313,37.27,20,706.62,8531.58
2024-01-13,Grocery,Retail,121,37.88,0,462.77,4733.61
2024-06-26,Home,Wholesale,200,31.91,0,29.37,6612.76
2024-03-03,Toys,Retail,275,24.99,20,480.24,6483.62
2024-05-24,Home,Online,426,24.36,5,594.08,10966.82
2023-11-28,Toys,Retail,403,22.56,0,648.02,8641.85
2024-04-09,Apparel,Online,379,3.33,5,323.87,1797.03
2024-06-09,Grocery,Online,115,32.19,5,446.04,3734.44
2023-05-08,Home,Online,209,27.44,20,695.38,5395.65
2024-05-30,Electronics,Retail,281,33.26,0,488.0,10730.98
2024-02-16,Apparel,Online,484,23.83,10,194.25,11612.07
2023-09-23,Apparel,Retail,183,31.65,0,747.53,5815.9
2024-04-09,Electronics,Retail,459,11.22,10,457.18,5580.42
2023-04-12,Toys,Online,376,13.31,10,718.24,5742.59
2024-02-24,Apparel,Online,320,3.0,10,220.91,1192.74
2023-12-12,Home,Retail,353,23.66,15,475.8,7549.79
2024-06-16,Home,Online,398,17.27,10,601.95,7290.43
2024-01-08,Home,Online,352,15.97,0,482.57,6469.14
2023-11-12,Grocery,Online,339,28.35,0,263.4,8552.33
2023-11-11,Toys,Wholesale,195,20.74,0,22.64,3304.88
2023-11-29,Toys,Online,219,10.67,5,804.65,2916.45
2024-06-18,Toys,Online,303,50.45,0,549.61,16633.15
2024-04-16,Home,Online,423,24.63,10,733.36,11667.77
2023-02-25,Grocery,Online,329,14.17,10,685.73,5265.0
2023-11-16,Electronics,Wholesale,494,18.3,20,619.37,7184.29
2023-06-22,Toys,Retail,343,23.27,5,435.73,8342.19
2023-04-09,Electronics,Retail,209,23.25,10,597.95,5546.64
2024-06-03,Electronics,Retail,291,38.02,10,786.51,11327.73
2024-05-29,Toys,Online,315,24.21,20,516.6,7030.72
2024-07-17,Grocery,Retail,434,43.55,10,880.34,16769.18
2023-08-25,Electronics,Wholesale,135,20.68,0,200.12,2409.04
2023-09-13,Toys,Retail,131,29.26,0,178.62,3217.71
2024-04-11,Electronics,Retail,108,35.22,20,697.62,3570.09
2023-04-26,Electronics,Online,37,36.95,10,336.25,1710.46
2023-02-02,Toys,Retail,340,38.12,10,908.67,13320.26
2023-09-10,Apparel,Online,481,22.28,10,767.47,9133.66
2024-01-13,Apparel,Retail,310,24.95,10,817.51,8224.84
2023-10-01,Grocery,Online,39,3.0,10,676.89,1028.31
2023-05-07,Grocery,Retail,188,23.04,15,315.68,4811.3
2023-11-08,Home,Wholesale,452,35.91,15,168.13,12062.5
2024-07-19,Toys,Retail,35,33.97,0,799.06,1343.17
2023-06-14,Electronics,Online,310,24.14,0,200.09,8257.84
2023-08-29,Toys,Retail,225,41.99,0,816.98,9320.27
2023-07-07,Apparel,Wholesale,460,21.16,5,633.92,10092.79
2023-06-26,Grocery,Retail,261,17.84,10,484.75,4784.64
2024-01-29,Apparel,Wholesale,286,20.32,10,588.41,5477.44
2023-08-13,Apparel,Retail,363,13.78,5,593.06,4861.37
2024-01-09,Apparel,Wholesale,412,31.22,0,459.52,13694.41
2023-01-12,Home,Online,262,27.88,5,785.14,8156.42
2024-02-02,Toys,Online,363,31.1,10,778.28,12031.33
2023-03-05,Electronics,Retail,404,20.86,5,531.13,9774.64
2023-08-15,Grocery,Wholesale,267,24.42,0,380.0,5971.8
2024-06-07,Toys,Online,360,3.22,0,761.19,1528.15
2023-07-21,Grocery,Online,188,28.76,5,95.49,5121.05
2024-02-23,Toys,Online,183,25.99,5,588.78,5294.53
2023-07-30,Electronics,Retail,11,13.99,10,647.92,1089.64
2024-06-25,Apparel,Wholesale,337,23.95,15,334.33,6716.0
2024-07-24,Home,Retail,132,22.42,0,694.76,3511.58
2024-06-29,Home,Online,408,42.64,0,494.72,17961.69
2023-08-26,Apparel,Online,476,14.39,0,390.86,6263.02
2023-07-10,Apparel,Wholesale,439,28.31,0,692.64,12437.02
2023-12-30,Toys,Online,144,14.09,5,282.86,1529.05
2024-05-05,Apparel,Online,329,19.42,0,673.84,7561.58
2023-11-10,Toys,Online,378,27.77,0,103.53,9210.52
2024-03-18,Electronics,Retail,257,22.89,10,557.14,6847.12
2024-06-09,Home,Online,259,24.94,0,508.77,6983.8
2024-03-27,Grocery,Online,224,28.33,10,392.06,7015.15
2023-08-10,Toys,Online,161,20.06,0,577.92,3000.71
2023-05-30,Grocery,Wholesale,290,33.84,0,484.09,11128.41
2023-09-18,Electronics,Online,495,21.95,0,710.94,9173.1
2023-12-12,Grocery,Online,117,24.02,0,612.03,3791.49
2024-05-20,Apparel,Online,33,28.61,0,590.54,1467.2
2023-06-30,Toys,Online,37,27.27,10,558.37,520.24
2023-04-07,Grocery,Retail,295,31.44,15,405.57,9169.59
2023-07-09,Electronics,Retail,142,28.17,0,439.64,4013.23
2023-12-23,Apparel,Online,236,29.69,0,549.64,7101.15
2023-05-20,Toys,Wholesale,475,21.75,0,465.33,11631.31
2023-08-28,Toys,Online,47,14.31,10,722.29,908.6
2023-06-04,Grocery,Wholesale,95,10.72,0,518.69,1258.32
2024-08-14,Apparel,Online,114,8.29,0,575.19,959.6
2023-11-04,Apparel,Online,233,42.63,15,219.46,7809.81
2024-03-08,Grocery,Wholesale,350,3.0,15,688.65,1927.01
2023-11-09,Home,Wholesale,99,36.94,10,383.77,3135.63
2023-01-07,Apparel,Retail,63,16.79,0,291.47,1304.71
2023-06-08,Apparel,Retail,52,36.86,0,829.24,2355.87
2024-05-18,Electronics,Retail,402,3.0,0,639.52,1862.29
2023-11-03,Home,Retail,24,22.65,10,695.42,1052.73
2024-02-26,Home,Online,316,39.54,10,590.9,13053.45
2024-04-02,Home,Online,293,32.13,0,481.37,11329.53
2023-12-03,Toys,Retail,59,21.63,15,444.08,1456.62
2023-12-13,Grocery,Retail,280,5.57,5,655.82,1621.4
2023-05-22,Home,Wholesale,150,11.78,10,726.5,2682.88
2023-05-30,Apparel,Online,262,38.89,0,486.36,11329.42
2023-03-31,Grocery,Online,77,21.52,0,914.51,3139.81
2023-06-28,Toys,Online,337,24.28,0,460.54,8753.4
2024-01-13,Electronics,Retail,400,27.84,10,221.2,11124.04
2024-07-11,Apparel,Online,11,11.97,0,155.7,605.3
2023-09-21,Electronics,Wholesale,271,29.07,0,162.44,6911.61
2023-12-28,Apparel,Online,327,20.8,10,417.24,6186.99
2024-05-31,Electronics,Online,11,27.94,10,453.6,449.88
2024-02-11,Home,Retail,364,19.22,5,636.52,7974.64
2023-06-07,Toys,Online,276,9.27,10,494.28,2883.01
2023-06-18,Toys,Retail,160,20.73,10,668.67,3447.34
2024-01-18,Apparel,Online,246,31.41,5,508.98,8333.14
2023-06-22,Grocery,Retail,344,28.94,0,502.7,10615.27
2023-05-30,Apparel,Retail,325,25.31,0,384.5,9441.75
2023-12-22,Apparel,Wholesale,390,33.98,5,784.52,12625.34
2024-01-17,Grocery,Online,27,22.96,0,193.7,1101.53
2023-06-01,Grocery,Online,395,25.56,5,560.26,10913.27
2023-01-30,Home,Retail,27,20.2,5,463.67,1286.69
2024-04-05,Electronics,Wholesale,328,34.57,0,656.35,13852.59
2023-08-24,Home,Retail,181,27.92,10,495.83,4377.32
2024-01-15,Apparel,Retail,41,19.43,10,501.73,1096.18
2023-04-14,Electronics,Retail,347,10.11,5,446.67,4713.06
2023-07-08,Electronics,Retail,280,36.05,15,778.65,8974.79
2023-12-30,Home,Wholesale,336,17.56,0,500.48,6506.04
2023-03-16,Electronics,Wholesale,194,25.72,0,893.93,6309.58
2023-07-10,Grocery,Retail,146,48.53,0,554.45,6817.79
2024-03-07,Electronics,Retail,316,33.02,5,504.35,11306.61
2024-04-07,Apparel,Wholesale,115,41.11,0,470.93,5930.63
2023-07-31,Toys,Online,407,19.62,15,612.85,6995.29
2023-03-10,Grocery,Online,344,35.71,0,382.32,14421.42
2023-01-16,Home,Wholesale,499,25.27,5,529.15,13234.7
2023-11-30,Electronics,Retail,23,28.66,5,501.63,1096.8
2024-02-21,Electronics,Online,296,45.21,0,565.05,15167.17
2023-12-23,Toys,Retail,282,22.21,10,570.01,6151.6
2023-09-01,Grocery,Retail,430,25.19,10,580.4,8991.12
2023-01-14,Toys,Retail,217,15.97,10,518.98,3473.04
2023-05-16,Toys,Retail,468,33.88,5,813.79,17479.92
2023-01-22,Electronics,Online,127,19.39,5,584.51,2960.48
2023-10-05,Toys,Online,428,35.23,5,1021.2,12816.54
2023-07-04,Home,Online,264,8.5,10,509.97,2361.84
2023-02-12,Grocery,Wholesale,472,30.49,0,691.78,16823.88
2024-01-01,Home,Online,116,18.56,5,354.79,2748.69
2023-08-11,Grocery,Retail,137,32.31,0,780.16,4682.07
2024-07-31,Toys,Retail,286,24.86,10,359.14,6224.43
2023-09-08,Toys,Retail,280,19.65,0,591.18,4783.15
2023-02-24,Home,Retail,82,21.13,20,447.11,2428.28
2024-02-28,Apparel,Retail,329,16.5,0,590.4,6903.41
2024-02-26,Grocery,Retail,208,33.38,0,453.04,8396.3
2024-07-11,Home,Online,84,14.51,0,342.15,777.68
2024-02-20,Apparel,Online,260,22.33,0,445.68,6844.35
2023-08-06,Grocery,Retail,351,28.45,0,808.32,9738.17
2024-02-06,Electronics,Online,25,41.13,10,593.46,1687.55
2024-04-23,Home,Retail,460,24.91,0,242.23,13106.62
2023-11-06,Grocery,Online,309,22.57,0,719.08,6628.69
2024-04-21,Toys,Retail,137,27.74,0,321.7,4777.9
2024-08-03,Grocery,Online,377,4.27,0,648.67,1765.51
2024-03-28,Toys,Retail,423,13.01,15,610.63,5694.56
2023-10-29,Toys,Online,478,21.25,0,623.26,9364.59
2023-10-23,Apparel,Retail,397,17.87,10,870.64,6593.42
2024-05-17,Toys,Online,109,8.99,5,334.27,1537.84
2024-06-07,Apparel,Retail,90,33.58,5,622.16,3861.69
2023-06-07,Grocery,Online,112,27.6,10,751.92,3574.15
2023-01-06,Apparel,Retail,439,26.4,0,371.33,12514.3
2024-04-28,Home,Retail,159,18.06,15,350.85,2524.51
2023-05-22,Grocery,Wholesale,171,25.79,5,442.56,5554.6
2024-08-20,Toys,Retail,446,30.14,0,564.95,13003.23
2023-01-22,Toys,Retail,110,22.35,15,217.9,2516.85
2024-06-30,Toys,Retail,209,29.45,0,610.28,6902.88
2024-02-11,Home,Online,155,17.04,20,218.32,2485.8
2023-07-02,Toys,Retail,157,25.97,15,758.67,4006.41
2023-01-21,Electronics,Online,301,36.42,0,602.75,11842.55
2024-05-22,Toys,Retail,373,37.32,0,882.63,15927.38
2023-03-13,Apparel,Online,139,38.28,10,633.76,6141.66
2023-02-27,Home,Online,28,27.86,0,439.05,1355.6
2024-04-19,Toys,Retail,323,25.32,10,340.26,9276.23
2024-02-11,Grocery,Online,278,20.51,0,547.78,6735.64
2023-03-18,Toys,Online,332,6.93,0,493.95,2583.98
2023-07-25,Grocery,Online,230,11.55,5,737.23,3458.6
2024-02-04,Grocery,Retail,390,23.32,10,314.28,8765.84
2024-01-31,Electronics,Online,316,23.92,10,904.18,7877.12
2023-08-06,Toys,Online,381,39.12,5,754.96,13630.8
2023-09-05,Grocery,Wholesale,368,38.15,0,459.3,12632.08
2023-02-17,Grocery,Wholesale,253,18.14,5,859.56,5094.67
2023-01-06,Home,Online,169,33.18,0,343.37,5744.84
2024-08-03,Toys,Retail,295,20.23,0,541.12,5470.34
2023-05-19,Home,Online,321,31.83,0,244.71,11644.91
2024-07-10,Electronics,Wholesale,290,33.06,5,869.31,9939.11
2023-01-26,Electronics,Online,266,37.42,0,170.52,10369.33
2024-08-16,Grocery,Online,178,20.07,0,211.91,3657.11
2023-09-14,Grocery,Online,75,35.14,10,373.06,2608.83
2024-04-28,Apparel,Retail,219,6.27,0,764.46,1970.02
2024-05-19,Grocery,Online,442,37.96,20,690.97,14728.21
2023-07-31,Toys,Retail,361,24.75,0,524.41,8384.12
2024-03-18,Home,Online,379,24.96,0,703.79,11226.22
2023-07-20,Toys,Retail,371,4.63,15,476.92,2236.03
2024-04-18,Electronics,Retail,461,21.11,5,584.49,11000.3
2024-07-29,Home,Online,120,38.55,10,830.35,4232.76
2024-04-29,Home,Online,362,20.73,5,450.68,8475.71
2024-03-12,Apparel,Online,44,32.13,0,346.73,1502.96
2023-08-12,Electronics,Retail,129,25.35,10,594.07,3284.34
2023-03-07,Home,Online,24,35.63,5,648.05,1147.99
2023-10-31,Apparel,Retail,220,26.92,5,522.09,5060.61
2023-03-19,Apparel,Retail,78,15.68,0,700.68,2074.9
2023-11-02,Apparel,Retail,199,25.56,0,459.75,5329.48
2024-06-05,Home,Retail,75,41.01,0,525.51,4352.35
2023-03-09,Toys,Online,27,29.98,10,574.91,977.09
2024-06-24,Home,Online,243,23.84,0,557.47,6158.93
2023-12-25,Home,Retail,211,47.56,20,822.65,8711.69
2023-01-29,Apparel,Online,214,36.59,0,573.91,9201.96
2024-03-08,Home,Retail,179,33.17,5,439.22,6121.66
2023-01-01,Apparel,Wholesale,210,28.17,0,605.6,6441.64
2024-01-02,Toys,Online,11,32.3,10,701.77,736.69
2023-11-01,Home,Online,244,32.63,10,654.85,6187.22
2024-03-23,Home,Online,425,3.17,5,643.76,1583.77
2023-08-14,Electronics,Online,78,28.95,0,200.39,2018.15
2023-03-13,Toys,Wholesale,80,23.39,10,1.5,1941.72
2023-08-21,Home,Wholesale,392,20.0,0,755.05,7850.22
2024-04-01,Electronics,Online,255,23.05,5,587.77,6997.9
2024-07-26,Electronics,Wholesale,136,9.44,10,495.68,1762.99
2023-05-05,Apparel,Online,394,6.95,0,638.86,3601.09
2023-07-30,Grocery,Wholesale,169,37.47,10,885.46,5795.16
2024-06-10,Electronics,Retail,306,29.62,10,782.71,9153.47
2023-07-07,Electronics,Online,282,3.0,0,692.44,1596.89
2023-05-27,Home,Retail,92,19.24,0,322.65,2490.69
2024-05-13,Home,Retail,379,33.81,5,348.64,13763.24
2023-10-23,Toys,Online,312,22.2,10,22.72,5104.68
2023-12-16,Grocery,Online,112,37.45,5,626.7,4431.73
2023-10-20,Grocery,Retail,381,35.5,5,721.73,11745.32
2023-12-28,Apparel,Online,314,11.43,0,738.04,4519.19
2023-06-11,Grocery,Online,428,23.57,0,635.09,10918.09
2024-03-15,Home,Online,411,20.52,0,469.19,9824.31
2023-08-06,Apparel,Retail,166,11.11,0,387.14,2222.67
2023-11-11,Apparel,Online,468,10.46,0,334.93,4482.4
2023-04-22,Toys,Retail,26,16.94,0,467.32,741.32
2023-01-07,Home,Online,173,18.59,5,304.43,3730.11
2023-12-09,Home,Online,307,27.83,5,851.19,7931.56
2023-03-25,Grocery,Retail,272,35.44,0,239.53,11882.69
2024-07-01,Apparel,Online,120,30.14,5,460.59,3617.32
2024-07-29,Apparel,Retail,107,32.5,0,112.76,3583.1
2023-07-09,Toys,Online,392,22.33,0,559.31,9002.04
2023-06-23,Toys,Retail,439,31.03,20,499.52,11620.41
2023-11-01,Home,Online,343,23.52,5,428.64,6938.72
2023-05-03,Toys,Retail,269,20.59,0,313.44,6756.84
2024-06-01,Apparel,Online,388,43.97,0,500.49,18604.98
2023-03-03,Grocery,Wholesale,127,3.0,10,391.11,528.94
2023-09-29,Electronics,Online,484,6.27,0,472.63,3501.84
2023-04-24,Grocery,Online,71,28.83,20,891.49,2586.71
2024-05-13,Electronics,Retail,296,22.35,5,534.44,7209.43
2023-03-28,Apparel,Online,177,10.63,0,606.57,2201.13
2023-09-25,Toys,Online,453,14.45,5,407.11,6176.0
2024-05-15,Apparel,Retail,129,15.76,10,343.11,2135.93
2023-09-22,Home,Retail,324,33.92,5,495.41,9907.84
2023-04-21,Toys,Retail,86,37.12,15,1000.79,4017.66
2023-04-05,Toys,Wholesale,99,41.4,15,442.51,4402.2
2023-12-29,Home,Online,213,9.11,0,572.29,2437.95
2023-03-16,Electronics,Online,401,11.33,0,334.32,6130.41
2023-08-02,Apparel,Retail,146,10.64,0,0.0,776.03
2024-01-02,Grocery,Online,349,37.89,5,342.03,12965.17
2023-08-16,Apparel,Online,289,29.17,5,976.14,7864.65
2024-05-11,Grocery,Online,489,25.8,0,619.08,14495.04
2024-02-17,Toys,Online,157,27.3,20,828.18,4514.27
2023-03-23,Grocery,Online,129,24.43,0,430.46,3882.63
2024-05-05,Grocery,Online,452,13.79,10,28.63,6385.17
2024-06-30,Home,Retail,173,30.13,10,278.26,4914.34
2023-05-02,Electronics,Retail,115,23.14,0,579.4,3075.38
2023-08-04,Home,Wholesale,412,13.0,0,547.52,5472.1
2023-08-26,Toys,Online,408,30.74,0,497.92,11621.98
2023-09-13,Grocery,Online,40,20.74,15,393.95,756.92
2023-10-06,Grocery,Retail,429,27.27,0,687.94,11061.38
2024-06-20,Toys,Online,320,23.75,10,399.73,7746.94
2024-01-26,Apparel,Online,146,33.91,5,561.56,5710.88
2024-06-21,Apparel,Retail,272,27.2,5,539.07,7883.05
2023-07-30,Toys,Retail,126,16.16,15,426.3,1959.06
2023-11-11,Home,Online,92,28.22,5,323.74,2786.39
2023-03-05,Grocery,Retail,74,28.55,10,414.53,2958.59
2023-06-16,Grocery,Retail,90,30.11,5,874.72,3619.14
2023-12-17,Electronics,Wholesale,295,35.36,0,722.49,10458.38
2023-04-14,Apparel,Online,406,18.84,0,704.08,9320.54
2024-07-30,Apparel,Retail,248,31.68,0,342.71,7732.41
2023-06-12,Electronics,Retail,17,7.75,10,212.46,545.76
2023-04-07,Grocery,Online,220,23.8,0,719.3,6569.84
2024-04-13,Toys,Retail,375,22.25,5,680.95,9462.06
2023-02-24,Toys,Retail,419,39.48,0,527.45,19452.09
2023-07-14,Electronics,Online,369,23.44,5,425.89,7975.5
2023-04-30,Home,Online,191,31.08,10,207.21,5931.8
2024-02-21,Apparel,Online,328,7.38,5,673.48,2709.28
2024-05-20,Electronics,Retail,43,21.48,20,737.23,1118.39
2023-04-28,Grocery,Online,210,16.54,0,364.18,4606.01
2023-09-07,Toys,Retail,273,49.76,0,347.48,12379.37
2023-10-15,Electronics,Online,23,18.33,5,748.21,918.54
2024-02-19,Grocery,Retail,17,25.73,0,371.63,933.34
2023-07-31,Electronics,Retail,402,26.27,10,855.81,9495.83
2023-11-10,Toys,Retail,117,9.11,10,478.19,873.19
2023-10-30,Electronics,Retail,71,19.74,0,422.69,2220.62
2023-01-07,Home,Online,300,29.05,15,509.02,8360.87
2023-12-08,Electronics,Online,147,25.86,0,422.67,4023.85
2023-12-07,Home,Retail,489,3.0,10,725.24,1563.48
2024-08-17,Home,Online,473,19.33,0,677.16,8619.32
2023-11-03,Home,Retail,413,35.21,10,717.62,11799.84
2024-06-23,Toys,Retail,157,30.88,0,536.9,5402.07
2023-07-29,Toys,Wholesale,438,37.18,15,408.73,13320.04
2024-02-22,Apparel,Online,135,15.14,15,498.19,2239.55
2024-06-25,Toys,Retail,127,37.81,5,414.86,4523.45
2023-04-03,Home,Online,486,24.56,5,793.32,14313.81
2023-12-07,Electronics,Wholesale,340,40.92,5,700.45,13045.51
2024-07-05,Grocery,Retail,52,25.03,5,481.7,1744.87
2023-11-30,Grocery,Retail,444,4.53,5,314.71,1889.04
2024-06-19,Apparel,Retail,88,33.49,5,808.17,3061.12
2023-09-09,Home,Online,343,20.56,15,527.34,5555.28
2024-06-16,Home,Retail,224,21.24,5,473.97,4970.86
2024-01-13,Electronics,Retail,18,10.47,0,809.93,1055.53
2023-10-15,Apparel,Online,395,41.22,15,398.01,12414.35
2023-05-09,Home,Wholesale,346,19.79,0,436.21,8244.52
2023-04-13,Apparel,Wholesale,443,40.75,0,453.85,21365.1
